Nom,Pochette,Statut,Auteur,Auteurs,Genre,Durée,Somme,Synopsis,Note,Site,Langue,MP3 téléchargeable ?
1287,1287.jpg (https://dl.airtable.com/.attachments/53e20319e4e6254edff0e297136a99ff/5854df55/1287.jpg),Terminé,"Mathieu Quintin,Zylann","Mathieu Quintin,Zylann","Historique,Humour",3:41,3:41,"1287 (douze cent quatre-vingt sept) est une saga d’histoire alternative (uchronie) suivant l’évolution de la situation dans une Europe de complots et de trahison, deux ans après le couronnement de Philippe IV dit “Le Bel”, le premier Roy de France à acquérir le titre du royaume de Navarre.",5,http://1287.aerrond.com/,Français,Oui
Adoprixtoxis,adop.jpg (https://dl.airtable.com/.attachments/0302f44cd0c2b861885b3032e8698f3d/e6cf5637/adop.jpg),Terminé,"Nico,Matt","Nico,Matt","Science-Fiction,Humour,Musical",3:45,3:45,"Un vaisseau spatial arrive à proximité de la planète Adoprixtoxis pour une mission de routine. Mais tout ne va pas se passer comme prévu… Et même RIEN ne va se passer comme prévu. Échoué sur la planète, l’équipage du vaisseau, composé d’incompétents notoires, devra survivre et trouver le moyen de rentrer sur Terre.",5,https://www.capitainegloomy.com/episodes/,Français,Oui
Afterlife Inc.,afterlife.jpg (https://dl.airtable.com/.attachments/c7fc1baaaf8b304ecf62f4f61cba71c7/7f458726/afterlife.jpg),Terminé,"David Rampillon,Seasons","David Rampillon,Seasons",Science-Fiction,0:00,0:00,"Guillaume, un jeune homme sans histoire, s'apprête à faire le voyage le plus mémorable de son existence.",5,https://seasonsnovel.bandcamp.com/album/afterlife-inc-mini-s-rie,Français,Oui
Amydale Crossing,amydale.png (https://dl.airtable.com/.attachments/4edc7ab627c90b3510f372c3ef803343/1ffa9eb6/amydale.png),En cours,"Erika,Javras","Erika,Javras",Licence,0:00,0:00,"Amy, une jeune fille âgée de 10 ans, part prendre son indépendance, malgré le désaccord de sa mère. Elle part vivre à Zoonderland, une ville paisible entourée d’animaux comme des chiens, des chats, des lapins, etc… Mais arrivant en ville, elle découvre qu’elle est devenue le nouveau maire mais n’était pas du tout au courant de cela. Nous allons donc découvrir dans cette saga mp3, la vie mouvementée d’Amy, qui est devenue maire à 10 ans, ce qui est une première…",,https://javras.fr/sagas-mp3/amydale-crossing/,Français,Oui
Ânkh,Pochette - Ankh.jpg (https://dl.airtable.com/.attachments/16c687f5988a96ef08e28cd8c5c140e8/21058049/Pochette-Ankh.jpg),Terminé,"Gihellcy,Richoult,Erika,Javras","Gihellcy,Richoult,Erika,Javras","Policier,Historique",0:00,0:00,"Lyndal Sanders & Yumna Antoun, égyptologues à Washington, sont invités par leur ami et ancien enseignant Wallace Renfield à l’inauguration d’un Night Club sur l’Egypte Antique, au Caire. Cependant, ils vont avoir affaire à une relique multi-millénaire et à une organisation peu claire.",5,https://javras.fr/sagas-mp3/ankh/,Français,Oui
As You Want.,As+You+Want.jpg (https://dl.airtable.com/.attachments/b97777cf9075b00a1c3a7c1e4ee9b5e4/f9c8859e/AsYouWant.jpg),Terminé,"Raphael Fruchard,Engle","Raphael Fruchard,Engle",Policier,0:00,0:00,"John Burming est un condamné qui attend son heure dans le couloir de la mort de la prison de Huntsville au Texas. Il n’a jamais prononcé le moindre mot, ni durant son arrestation, ni durant son procès, ni durant ces longues semaines qui précèdent la terrible exécution par injection létale. Prostré dans un silence glacial, ce détenu va mettre son génie au service du pire: il conserve bien caché au fond de son esprit machiavélique le plus terrible de tous les secrets…",5,https://www.engle.fr/as-you-want,Français,Oui
B-56,b-56.jpg (https://dl.airtable.com/.attachments/b7c63d3e538ac807ea8ed296e928b9b7/ffac9ebd/b-56.jpg),En cours,"Jakemall,Audiodidact","Jakemall,Audiodidact",Horreur,0:10,0:10,"Suite à l'apparition du virus B-56 en Chine, la journaliste Lauren Dubai et son associé vont enquêter à Hong Kong sur la situation du pays. Tout en sachant que plusieurs journalistes ont disparus en cherchant le même but...",,https://www.youtube.com/watch?v=GBkvRKRwdHE,Français,Oui
Blind Cowboy,blind-cowboy.jpg (https://dl.airtable.com/.attachments/e515d5fb634009c035db34767dad5897/768db0b0/blind-cowboy.jpg),Terminé,"François TJP,Studio TJP","François TJP,Studio TJP",Western,0:17,0:17,"Je vous propose cette semaine une mini-série audio western, en 5 épisodes, sur lesquels je me suis amusé à faire des expérimentations sonores. La série se retrouve sur le site dédié, un épisode sera publié chaque jour jusqu'à ce week-end et un article présentant les différentes idées sera publié sur mon site dimanche.",5,https://blindcowboy.studiotjp.com/,Français,Oui
CA$HTING,cashting.jpg (https://dl.airtable.com/.attachments/699b04efd240e89ea87e3bbedadf05bd/e55b8b56/cashting.jpg),Terminé,"Richoult,Javras","Richoult,Javras","Humour,Théâtre",1:28,1:28,"La femme la plus riche et la plus acariâtre du monde refuse de léguer ses milliards à sa décevante famille. Elle décide de se trouver un héritier qui prendra soin de sa fortune, mais la convoitise rôde et compromet ses projets.",5,http://www.cashting.teamjavras.fr/,Français,Oui
Camlann,camlann.jpg (https://dl.airtable.com/.attachments/321a962d58deef852a3c604786657dc9/493ebec1/camlann.jpg),En cours,"Aibonn,Javras","Aibonn,Javras",Fantasy,0:00,0:00,"Jonas, un jeune banal, passionné de mangas et d’animes et un peu blasé, se retrouve malgré lui entraîné dans un autre monde de magie et d’épée. L’un des souverains de ce monde l’a invoqué afin qu’il puisse combattre contre un adversaire coriace que rien ne semble pouvoir stopper. C’est ainsi que Jonas se retrouva en guerre… du côté des démons contre le héros des humains.",,https://javras.fr/sagas-mp3/camlann/,Français,Oui
Cinq,cinq.png (https://dl.airtable.com/.attachments/05b163e0041e4c338be070d41e7f464e/21b001db/cinq.png),Terminé,"Javras,Studio TJP","Javras,Studio TJP",Science-Fiction,0:23,0:23,Première sortie dans l'espace pour Martin. Après des années d'entrainement tout devrait bien se passer...,5,http://cinq.teamjavras.fr/,Français,Oui
Clyde Vanilla,clyde.jpg (https://dl.airtable.com/.attachments/333fb1ec97dde5ca79b6b8d44167d6ab/09592f74/clyde.jpg),Terminé,"Wendöh,Antoine Daniel","Wendöh,Antoine Daniel","Science-Fiction,Humour",0:00,0:00,"Clyde Vanilla est une fiction audio humoristique de science fiction que j'aime personnellement qualifier de ""Dessin Animé Audio"" à cause de l'ambiance, des voix et de la d.a, même si ça veut rien dire du tout.",5,https://podcloud.fr/podcast/clydevanilla,Français,Oui
Cyrano de Bergerac,cyrano.jpg (https://dl.airtable.com/.attachments/73bb32b61ddcbd3eede2246e58a2f181/e93f9800/cyrano.jpg),En cours,"Leto75,Netophonix",Leto75,Théâtre,1:09,1:09,"Adaptation de la pièce de Rostand avec le concours d'une trentaine d’acteurs du Netophonix et d'ailleurs. La saga comportera 5 épisodes, soit un par acte.",5,https://cyranodebergerac.lepodcast.fr/,Français,Oui
D-Day,d-day.jpg (https://dl.airtable.com/.attachments/29b7cc2049355d63fb2f60516633f3b1/937acdd2/d-day.jpg),En cours,"Gartresk,Geek Forever Prod","Gartresk,Geek Forever Prod",Science-Fiction,0:00,0:00,"La société Synergy ayant implanté la base de recherche Eternity sur la planète mars, ne reçoit plus de nouvelle de leur structure depuis plus d'un an, suite à l'ouverture d'une faille dimensionnelle dirigée vers les enfers, libérant des démons ravageant toute la base. Cependant un groupe de survivants tente encore de s'échapper d'Eternity encore infesté de monstres. Ils vont faire la rencontre d'une arme vivante qui s'est activé et qui a pour mission de fermer la faille vers le monde des enfers.",5,https://geekforeverprod.wixsite.com/geek-forever-prod/d-day,Français,Oui
Dianké,dianke.jpg (https://dl.airtable.com/.attachments/0e6009ac2e9a0a0be3e62f94556cfaa0/6edffb67/dianke.jpg),Terminé,ONG RAES,ONG RAES,Tranche-de-vie,3:29,3:29,"« Dianké » raconte l’histoire d’une jeune femme africaine indépendante et de caractère qui va se lancer en politique pour combattre la corruption. Dianké est licenciée après avoir refusé de céder à la corruption. Sous le coup de la colère, elle enregistre sur les réseaux sociaux une vidéo qui devient vite virale et change le cours de sa vie. À la suite du décès de son père, elle décide de s’engager en politique et se présente aux élections de sa ville natale face à son propre frère. Soutenue par une jeunesse qui rêve de changement, Dianké va se dresser contre tout un système politique. Entre corruption, secrets de famille, amour et campagne électorale, Dianké devient une femme de conviction et de combat, lanceuse d'alerte d'un nouveau genre, entraînant dans son sillage toutes les générations. Une fiction originale produite par l'ONG RAES à Dakar.",5,https://www.rfi.fr/fr/podcasts/diank%C3%A9/,Français,Oui
Doppelgänger,doppelganger.jpg (https://dl.airtable.com/.attachments/e826328283524a9a61a5c3f307d127bc/e16a89b9/doppelganger.jpg),Terminé,"Benjamin Abitan,France Culture",,Science-Fiction,0:00,0:00,"Première mission pour Mars. Des humains vont poser le pied sur la planète rouge. Entre leurs désirs, leurs rêves, leurs illusions, il y a cette envie désespérée, mêlée de terreur, de faire la rencontre d'une autre forme de vie… Et que se passerait-il à ce moment-là pour eux ? Et sur terre ?",5,https://www.franceculture.fr/emissions/fictions-samedi-noir/doppelganger-de-tarik-noui-0,Français,Oui
Eden Sacrifice,eden-sacrifice.jpg (https://dl.airtable.com/.attachments/981edabfba173faaeb2170a037f4acba/6c50a97d/eden-sacrifice.jpg),Terminé,"Antoine Rouaud,Audiodramax","Antoine Rouaud,Audiodramax",Science-Fiction,0:00,0:00,"Dans une galaxie en reconstruction, le capitaine Délisse, dernier homme vivant, survit en tant que convoyeur. Sur Seyten, une nouvelle mission lui est confiée par le grand Omgaa, caïd local. Amener des armes sur la planète Anef… Mais une jeune Néfil décide de s’inviter à bord du Belbeth System. Pour une raison bien particulière : sauver le capitaine d’un danger proche.",,http://www.audiodramax.com/eden-sacrifice/,Français,Oui
Erika et les princes en détresse,erika.png (https://dl.airtable.com/.attachments/b3401f530cbf2a82ffc1d8291edd67f7/c4c95d13/erika.png),En cours,"Richoult,Gihellcy,Javras","Richoult,Gihellcy,Javras","Fantasy,Licence",0:00,0:00,"Erika, notre princesse, compte bien succéder à sa mère et prendre le pouvoir seule sauf que… Elle ne veut pas se marier ! Et donc, pour échapper à cette tradition on lui confie une mission : celle de sauver des princes en détresse ! Cette quête tombe à pic pour la reine qui va pouvoir s’en servir à son avantage…",,https://javras.fr/sagas-mp3/erika-et-les-princes-en-detresse/,Français,Oui
Et la Terre éclata...,etLaTerreEclata.jpg (https://dl.airtable.com/.attachments/dfd9db7a3b0d3f43b73799a013b58d3d/d2dd7173/etLaTerreEclata.jpg),En cours,"François TJP,MimiRyudo,Studio TJP","François TJP,MimiRyudo,Studio TJP","Science-Fiction,Humour",2:24,2:24,Des capsules de Science-Fiction Radiophonique qui vous racontent simplement... la Fin du Monde.,5,https://boum.studiotjp.com/,Français,Oui
Frite,frite.jpg (https://dl.airtable.com/.attachments/df57dc36ce16500e6f685a17918984c7/90c5561b/frite.jpg),Terminé,"Cladall,Zylann","Cladall,Zylann","Humour,Tranche-de-vie",0:32,0:32,"Quelque part, en pleine cambrousse, un routier s’arrête dans un routier, car son estomac lui réclame de l’aide… Mais alors qu’il commence à déguster son repas, il ne se doute pas qu’une si petite envie peut faire basculer le sort de l’humanité…",5,http://www.wavesavengers.fr/creations-audio/frite/,Français,Oui
Grim Reapers,grim-reapers.jpg (https://dl.airtable.com/.attachments/11a077c7f02540dbeba3eff6fd75e956/22cbc2ba/grim-reapers.jpg),Terminé,"Gihellcy,Javras","Gihellcy,Javras","Fantasy,Fantastique",0:00,0:00,"Quand Night, meilleur faucheur de Purgatoire, se voit assigner à contre-cœur une mission qu’il ne peut refuser, tout ne se passe pas spécialement comme prévu…",,https://javras.fr/sagas-mp3/grim-reapers/,Français,Oui
Hector ou les Chroniques d'un Rastronaute ,hector.jpeg (https://dl.airtable.com/.attachments/ddb4c902891130fb8fa4ddb4f0e0e3c6/99f51559/hector.jpeg),En cours,La Loutre,La Loutre,Science-Fiction,1:30,1:30,"22 février 1961, la France place pendant 8 minutes son premier représentant en orbite. Un représentant du nom d'Hector. Bon, après, la réalité à fait des siennes... Et des fois elle trouve de bon ton de se croiser avec d'autres elle même... Pas une histoire de monte parallèle hein... Parce qu'un monde parallèle ça ne se croise pas... Plutôt un monde perpendiculaire... Un angle à moitié aiguë. Et puis 8 minutes plus tard, Hector redescend sur terre... Pendant qu'un autre Hector, lui, reste en orbite, là haut... Ensuite, à partir de là... Disons qu'à partir de la Hector se cherchera... et qui sait ce qu'il va trouver là... Hector ou les Chroniques d'un Rastronaute est une fiction audio. Ou bien, une SAGA MP3. Appelez ça comme vous voulez. Toujours est-il qu'elle s'écoute avec les oreilles, et avec les yeux aussi. Mais les yeux du dedans. Les yeux de l'immagination.",5,https://audioblog.arteradio.com/blog/158604/hector-ou-les-chroniques-d-un-rastronaute,Français,Oui
HERO,hero.png (https://dl.airtable.com/.attachments/9077574a9debb28f0ea1cf780f31ca2d/e5703f47/hero.png),Terminé,"Magero,Belisair House","Magero,Belisair House",Action,0:44,0:44,"Dans un futur pas si lointain, le nombre de vigilantes a explosé face à une criminalité croissante contre laquelle la police se retrouve impuissante. Grimm en est un. Après un tragique événement, Grimm n’a plus qu’une chose en tête : la vengeance. ",5,https://belisairhouse.net/feuilletons/hero/,Français,Oui
Jencyo Rêva,jencyo1.jpg (https://dl.airtable.com/.attachments/f218af4cc6e5746187857faf80fc2b09/b16a7ee5/jencyo1.jpg),En cours,"Selkio,Ryku","Selkio,Ryku","Science-Fiction,Horreur",8:13,8:13,"Vous êtes un être humain. Vous évoluez dans le monde et le monde vous a construit. Il en est de même pour un interprète. A la différence qu'un interprète peut manipuler la structure du monde selon son bon vouloir. C'est ce que Jencyo Mostinel a découvert à son réveil. Son monde est dévasté et l'humanité court à sa perte. Est-ce que ses interprétations pourront sauver le monde de Rêva ? Vous le saurez en écoutant ""Jencyo Rêva"" la saga phare du Fhonirium.",,https://www.fhonirium.com/sagas-mp3,Français,Oui
Journal de bord,journal.jpg (https://dl.airtable.com/.attachments/f5c3071536a43d75afb3d34378d9c5f5/a2d5e1d9/journal.jpg),En cours,"Prich,Audiodidact","Prich,Audiodidact",Science-Fiction,0:19,0:19,Les réalités se rencontrent le jour où une ouverture est découverte par l’humanité une organisation du nom de E.R.G.O érige des bâtiments et se met à l’étudier dans le secret le plus total. Durant 3 ans aucune nouvelles ne fut donnée jusqu’au jour où une inspectrice est autorisée à pénétrer l’enceinte des bâtiments et découvrir ces expériences gardés jusque là secrètes.,,https://www.youtube.com/watch?v=iRVYnzxU65A&list=PLRPiA_JV--XePCNY94pRNdLfDEq0tOVo6,Français,
Kingdom Paf Uchronies,kingdomhu.png (https://dl.airtable.com/.attachments/bb560a620f369392bb3d74b64d89d3d4/84679853/kingdomhu.png),Terminé,Isthun,Isthun,Humour,0:00,0:00,"Voici une saga regroupant des bande-annonces et des teasers sur les parodies des autres Kingdom Hearts que je ne ferai pas. En effet, ayant eu quelques idées de merde en jouant aux autres Kingdom Hearts, je me suis dit que ça serait dommage de les perdre inutilement... Et donc, suite à une suggestion de Kwaam, voici ce qu'auraient pu donner les diverses suites à Kingdom Paf.",,http://www.kingdompaf.com/177.html,Français,Oui
Kupla,kupla.jpg (https://dl.airtable.com/.attachments/134d2a0205e35c100b3713c2178e24f6/ee6d0770/kupla.jpg),Terminé,Pénélope Boeuf,Pénélope Boeuf,Tranche-de-vie,1:34,1:34,"Julie Danmatombe, 30 ans, postule chez Kupla, pour être experte qualité du pouvoir de séduction des hommes...",5,https://latoilesurecoute.com/kupla/,Français,Oui
L'Appartement,appartement.png (https://dl.airtable.com/.attachments/3cf5de7783a51eb7ea745d09b2dd8dbe/e1eddb3a/appartement.png),Terminé,"François TJP,Studio TJP","François TJP,Studio TJP",Science-Fiction,0:00,0:00,"À quel endroit vous réfugieriez-vous dans le cas où le monde que vous connaissez ne soit plus un endroit sûr ? Si vous ne pouviez plus faire confiance en personne, si tant est qu'il y ait encore quelqu'un en vie ? Dans votre appartement ? C'est le choix que j'ai fait, et je ne le regrette pas, pour l'instant. Quand on trouve un dictaphone et qu'on est seul ... on finit par lui parler comme à son chat, ça occupe l'esprit.",,https://www.studiotjp.com/appartement/,Français,Oui
L'Appel des abysses,abysses.jpg (https://dl.airtable.com/.attachments/89fafe97a93ffebb48df1a00553a84cc/db78dd07/abysses.jpg),Terminé,"Cyril Legrais,Juliette Rose,France Culture","Cyril Legrais,Juliette Rose,France Culture",Science-Fiction,2:21,2:21,"L'océan a recouvert les continents. L'air est devenu irrespirable. L'élite financière s'est réfugiée dans la Cité, un agrégat de sous-marins reclus dans les abysses. À la surface, les plus pauvres étouffent sur le Territoire, un immense bidonville flottant où gronde la révolution. Marin, 16 ans, n'a connu que la pollution et le sentiment d’injustice. Il survit auprès de sa mère et de sa sœur adoptives en plongeant chaque jour pour récupérer nourriture et matériel. Lorsqu'il apprend qu'il est le fils de Léonie Montreuil, la Présidente de la Cité immergée, Marin perd pied. Et tandis que les siens se révoltent pour gagner leur place dans les profondeurs, il s'efforce de renouer avec son passé sans renier qui il est.",5,https://www.franceculture.fr/emissions/l-appel-des-abysses,Français,Oui
L'employé,employe.jpg (https://dl.airtable.com/.attachments/4784f40476627b0ae57425930c3749ea/734a039e/employe.jpg),Terminé,Victor Bonnefoy,Victor Bonnefoy,Science-Fiction,2:55,2:55,"Dans un État totalitaire, un climat de tension plane, les lois répressives se succèdent. Alors que les arrestations se multiplient, l'Employé gère les cas les plus sensibles. Il a carte blanche pour les ramener dans le droit chemin.",5,https://open.spotify.com/show/4eG0p1ECR2jxiMAg9YGJaE?si=r8qlGesjTeOQvRoF6Om4Lg&nd=1,Français,Non
L'épopée temporelle,epopee1.jpg (https://dl.airtable.com/.attachments/8edc6d45f28bdafb5a6121c18968db4f/212ce595/epopee1.jpg),Terminé,Cyprien,Cyprien,"Humour,Science-Fiction",3:32,3:32,"Thomas, un jeune homme sans énergie ni charisme, reçoit la visite d'un robot, Eliott (dit aussi KB28). Ensemble, ils partent dans une folle aventure à travers le temps à la recherche d'Iris, l'ex-petite amie de Thomas, et du père de celle-ci, un scientifique mystérieux. Leur voyage les transportera du Moyen-Âge à l'Allemagne nazie, en passant par beaucoup d'autres époques.",5,https://www.youtube.com/watch?v=XZnySZWeSJM&list=PLN-TcjS0qZKXFfIUWXxv9bvs19868yJiJ,Français,Oui
L'Histoire de France (PLC),hdfplc.jpg (https://dl.airtable.com/.attachments/775b4c299f3e9ecaa881e7b5275bd3fb/0b4be723/hdfplc.jpg),Abandonné,L’apéro du Captain,,"Historique,Humour",1:16,1:16,"L'ADC vous propose de découvrir l'histoire de France de façon ludique grace à ses épisodes chronologiques qui retracent l'histoire de notre pays, de la préhistoire à nos jours.",5,https://podcasts.apple.com/fr/podcast/lhistoire-de-france/id726061567,Français,Oui
L’Apocalypse est notre chance,apocalypse.jpg (https://dl.airtable.com/.attachments/2aab9b59d414c1e65ba85d7e89c8a9be/8b499562/apocalypse.jpg),Terminé,"Sylvie Coquart-Morel,Sophie Maurer,France Culture",,Policier,6:14,0:00,"Intrigues à l'université, où Laura découvre son directeur de thèse mort dans son bureau. Une balle dans la tête. Laura va mener sa propre enquête au sein de l’université, mais ce qu’elle découvre la bouleverse. ",,https://www.franceculture.fr/emissions/fictions-le-feuilleton/lapocalypse-est-notre-chance-de-sylvie-coquart-morel-et-sophie,Français,Oui
La Bible relue par Dieu,dieu.png (https://dl.airtable.com/.attachments/95a1e3dcb8cc9d32f54259b8ba09a9d0/82e934fa/dieu.png),Terminé,"Qualiter,FibreTigre",,Humour,0:00,0:00,"Pour sa nouvelle Fiqtion, Qualiter donne le micro à Dieu qui se propose de relire la Bible avec nous et de nous dévoiler les coulisses de l'histoire divine.",5,http://dequaliter.com/,Français,Oui
La Chaleur de l’endroit,chaleur.jpg (https://dl.airtable.com/.attachments/8f6da0fd104b7ffe471c26df6c2f6d9b/e4bf8f47/chaleur.jpg),Terminé,Nylon Steel Production,,Horreur,0:00,0:00,C'est une histoire inquiétante qui se déroule en haute montagne. Il semble qu'un mystérieux personnage rôde dans la montagne et assassine les randonneurs...,,https://forum.netophonix.com/ftopic18478.html,Français,Oui
La Légende de l'Ankou,ankou1.png (https://dl.airtable.com/.attachments/deef242ae9d94d06fe02ced6993f8628/544525f3/ankou1.png),Terminé,"Naïade Lancieaux,Belisair House",Naïade Lancieaux,"Historique,Fantastique",3:44,3:44,"Une fois de plus, l’Ankou sort de son repaire. La mort va chercher ses âmes. Mais il y a un problème; la mort n’arrive plus à tuer, elle ne parvient plus à convaincre les âmes à la suivre jusqu’à son antre, dans les monts d’Arrée. Elle s’apitoie même sur leur sort, elle se laisse gagner à leurs lamentations et ne cherche plus à empêcher leur fuite. Mais que lui arrive-t-il ? La mort serait-elle en train de faiblir, de vieillir ? Et si la mort mourrait à son tour ?",5,http://belisairhouse.net/feuilletons/la-legende-de-lankou/,Français,Oui
La légende de Xantah,xantah.jpg (https://dl.airtable.com/.attachments/809c6582aad988a41db13b7a63147382/36b5aa29/xantah.jpg),En cours,"Nico,Matt","Nico,Matt","Science-Fiction,Humour",3:37,3:37,,5,https://www.capitainegloomy.com/episodes/,Français,Oui
La Petite Souris,souris.jpg (https://dl.airtable.com/.attachments/c9a906d2ce43eba61ec0661b342e9140/30e6fb26/souris.jpg),Terminé,"Adelfleur,Javras",Adelfleur,Enfant,0:08,0:08,"Camille a enfin perdu sa première dent. Sa maman lui raconte que la petite souris vient chercher les dents de lait pendant la nuit et laisse un petit cadeau en échange. Mais pourquoi ces dents sont-elles aussi importantes ? La copine d’école de Camille, Maeva, a-t-elle raison de ne pas croire à cette histoire ?",5,https://javras.fr/2020/02/02/la-petite-souris/,Français,Oui
La Traversée de Faëria,faeria.jpg (https://dl.airtable.com/.attachments/8ddaf3a4a0c07a8fc76e09d0442f930e/eafcfdd8/faeria.jpg),Terminé,"Paul Hourlier,Audiodidact",,Fantasy,0:07,0:07,"Après avoir rencontré un vieil ermite à flanc de falaise, vous lui racontez l'histoire de votre voyage à travers les terres de Faëria. Rencontres insolites, combats épiques, amitiés, guerre, magie... Vous arpenterez les 4 coins de Faëria à la recherche des 4 pierres magistrales de puissance. Pourquoi ? Comment ? A vous de le découvrir... Mais prudence sur la route, car les recoins sombres du monde connu de Faëria peuvent cacher bien des dangers...",,https://forum.netophonix.com/ftopic18350.html,Français,Oui
Le Chat du Rabbin,rabbin.webp (https://dl.airtable.com/.attachments/c625a6dcb1533146bffc4e6f6f56f752/8c0a0452/rabbin.webp),Terminé,France Culture,,"Humour,Licence,Tranche-de-vie",0:00,0:00,"Le chat du rabbin n’est pas un chat comme les autres. Non seulement il est doué d’un esprit critique décapant dans cette Algérie du début du XXe siècle, mais en plus la faculté de parole lui vient après qu’il a soudain dévoré le perroquet de son maître.",5,https://www.franceculture.fr/emissions/fictions-le-feuilleton/le-chat-du-rabbin-de-joann-sfar-0,Français,Oui
Le Chevalier Bourré,chevalier.jpg (https://dl.airtable.com/.attachments/9fad348dfe10af5f630d754175180a35/1597dc11/chevalier.jpg),Terminé,Fal,Fal,"Fantasy,Musical",5:10,5:10,"Lorsqu'il se fait adouber par une belle matinée de printemps, Olivier, jeune chevalier perpétuellement éméché (souvent ivre mort), veut donner un sens à sa vie. Mais il n'a pas un seul instant idée des aventures qu'il va vivre. Des rencontres malencontreuses, des kidnappings foireux, la colère d'un Dieu fou à lier, et celle d'un Roi con à souhait. Il se pourrait même qu'il ait à affronter la mort.",5,http://chevalierbourre.studiosfal.com/,Français,Oui
Le Dernier Souffle des Zéphyrs,zephyrs.png (https://dl.airtable.com/.attachments/ccc1ba7841764ebc253723850b67aa3e/2b04ff53/zephyrs.png),Terminé,Valkyria,Valkyria,Science-Fiction,0:26,0:26,"2830 : Alors que la Terre est entièrement recouverte de neige et de glace, Owen traque et élimine les Zéphyrs... Ces dragons vagabondent sur Terre et seraient à l'origine du froid ambiant. Clivia, I.A. intégrée à l'armure et l'arme d'Owen, l'accompagne dans ses traques. Elle est à la fois une alliée de taille pour le repérage et l'élimination des créatures mais aussi une amie dont Owen ne se séparerait sous aucun prétexte.",5,https://derniersouffledeszephyrs.jimdofree.com/,Français,Oui
Le donjon de Naheulbeuk,naheulbeuk.gif (https://dl.airtable.com/.attachments/804b1bbbe1bcfa7d1ca5cf69b433cf8f/8b1800fe/naheulbeuk.gif),En cours,Pen of Chaos,Pen of Chaos,"Humour,Fantasy,Musical",6:06,6:06,"Une compagnie constituée de personnages tous plus imbéciles les uns que les autres va s'aventurer dans un donjon mystérieux pour aller chercher une statuette mystérieuse et ensuite la remettre à un commanditaire mystérieux, en échange de 8000 pièces d'or. Mais cette quête s'avérera bien plus difficile que prévu...",5,http://www.penofchaos.com/warham/donjon-telecharge.htm,Français,Oui
Le Menhir d'or,menhir.png (https://dl.airtable.com/.attachments/6a1d2516abead29956d655f07e081e3e/b967b009/menhir.png),Terminé,Éditions Albert René,,"Licence,Humour,Musical",0:31,0:00,"Au Village, l’agitation règne : Assurancetourix a décidé de participer au célèbre concours de chant des bardes gaulois pour remporter le Menhir d’Or. Pour le protéger dans cette compétition suivie de près par les Romains, Astérix et Obélix sont chargés de l’accompagner… quitte à y perdre une oreille !",5,https://www.asterix.com/la-collection/les-albums-illustres/le-menhir-dor/,Français,Oui
Le Nuage,nuage.jpg (https://dl.airtable.com/.attachments/013920e9d141ffb73d6610a894f69d1b/bef9bbe6/nuage.jpg),Terminé,"Aurore Meyer-Mahieu,Nouvelles Écoutes",,Science-Fiction,0:00,0:00,"Le 25 août 2020, un accident se déclare dans l’une des plus vieilles centrales françaises, le Douvrey, près de Lyon. Julia Roch-Rivière, directrice de la centrale, va tout tenter pour protéger la population du nuage radioactif. Mais sur sa route, se dresse plus puissant qu’elle.",5,https://nouvellesecoutes.fr/podcast/le-nuage/,Français,Non
Le Petit Chaperon Vert ,chaperon.jpg (https://dl.airtable.com/.attachments/fae1e33446dfa1a85dbd87c78a3d9187/3ffbee80/chaperon.jpg),Terminé,"Majoran,Audiodidact",,"Humour,Théâtre,Parodie",0:00,0:00,"Il existe des histoires que tous les enfants connaissent. Des histoires racontées le soir, avant de se coucher, dans le lit ou au coin du feu, par un père attentionné ou une grand-mère passionnée. Il s'agit des contes de fées. Ceux de Charles Perrault, des Frères Grimm, d'Andersen, et de nombreux autres auteurs. Mais les contes ont besoin de Conteurs. De personnes qui les transmettent de vive voix. C'est pourquoi moi et Lucie, on...",,https://2020.sagadelete.fr/saga/le-petit-chaperon-vert-,Français,Oui
Le Puissant Tigre-Man,tigre.jpg (https://dl.airtable.com/.attachments/4bd66b04d9c79aab0d6c9a8f1e8dc5b4/31eea0c7/tigre.jpg),Terminé,Isthun,,Humour,0:00,0:00,"Flash Thompson était un lycéen comme tous les autres, jusqu'au jour où sans aucune raison apparente, il développa de mystérieux pouvoirs d'araignée de tigre. New York ne dormira plus jamais sur ses deux oreilles, car Flash Thompson est le seul et unique Tigre-Man.",,http://kingdompaf.com/19.html,Français,Oui
Le Vaisseau,vaisseau.jpg (https://dl.airtable.com/.attachments/b08fe94fb0ed97c351db25672cd21553/a2d65655/vaisseau.jpg),Terminé,"François TJP,Studio TJP",François TJP,"Horreur,Science-Fiction",0:00,0:00,"Isaac, technicien de maintenance à bord du NS Pandore se réveille brutalement dans une capsule de sauvetage dérivant dans l'espace. De vagues souvenirs reviennent à sa mémoire par flashs.",,https://studiotjp.com/vaisseau/,Français,Oui
Le Zapping Télé,zapping.jpg (https://dl.airtable.com/.attachments/94e6fc31cdfb73b49d7cade466293dd8/b2f66068/zapping.jpg),Terminé,"Baagy,Javras",,"Tranche-de-vie,Musical,Humour",0:00,0:00,"Installez-vous confortablement dans votre fauteuil, prenez un paquet de chips, un soda, votre télécommande et zappez sans arrêt. Vous verrez les choses les plus fantastiques… ou les plus farfelues.",5,https://javras.fr/sagas-mp3/le-zapping-tele/,Français,Oui
Les Archives,archives.jpg (https://dl.airtable.com/.attachments/85f5d8c8043d4a4ad721346b9bac8567/8df3ac04/archives.jpg),En cours,"Evil Goat,Dahukey,Nassim,Audiodidact",,Science-Fiction,0:00,0:00,Plongez dans les archives de la H.A.R.P. et ses affaires mystérieuses. A mi-chemin entre du fantastique et la science-fiction.,,https://soundcloud.com/audiodidact_production/sets/saga-mp3-les-archives,Français,Oui
Les Aventures de James Rico,rico.jpg (https://dl.airtable.com/.attachments/836a75416109484ed6f4b74d6ffce6b8/bb8e1d05/rico.jpg),En cours,"Ambroise,Audiodidact",,"Science-Fiction,Humour",1:08,1:08,"Plot : Voyageur dimensionnel qui s'est arrêté de vieillir, à la recherche des puissantes et rares pierres d'Ohranhu, il sait ce qu'il doit faire sans que personne ne le lui dise. C'est le légendaire James Rico. Suivez ces Aventures dans le multivers !",5,https://soundcloud.com/audiodidact_production/sets/les-aventures-de-james-rico,Français,Oui
Les Aventuriers ,pochette1400.png (https://dl.airtable.com/.attachments/23fcff1035e0743e34d093e1ef8cc0c1/faf33011/pochette1400.png),Terminé,"François TJP,Studio TJP",François TJP,Musical,1:16,1:16,"Les Aventuriers est une saga MP3 d'aventure. Un cross over qui rassemble Crocodile Dundee, Lara Croft et Flagada Jones dans une aventure musicale.",5,https://studiotjp.com/aventuriers/,Français,Oui
Les Aventuriers du NHL2987 Survivaure,survivaure.jpg (https://dl.airtable.com/.attachments/7fa6e9d28c63522360b47737339a09e2/e56c9035/survivaure.jpg),Terminé,Knarf,Knarf,"Humour,Science-Fiction",3:27,3:27,"Les Krygonites, des extra-terrestres répugnants, prévoient d'envahir la terre grâce à une arme secrète. Le Consortium décide d'envoyer le capitaine Bleûten aller chercher l’Hilarium lourd, l'arme secrète contre les envahisseurs. Le capitaine et le sergent Johnson sont affectés au NHL2987 Survivaure, dernier vaisseau sous contrôle terrien dont le seul nom fait frémir de terreur les agents d'assistance. Les deux militaires et leur équipage partent donc en vitesse pour tenter 

de sauver leur planète.",5,http://www.knarfworld.net/episodes.html,Français,Oui
Les Chroniques de Zack Patton,zack.jpg (https://dl.airtable.com/.attachments/79e08c089adaa24c7d95a717dd6b738a/6b1dd879/zack.jpg),Terminé,OncleSam,,Science-Fiction,0:00,0:00,"Je m'appelle Zack Patton, et je serais votre interlocuteur ... Il y a plein de sujets qui me tiennent a cœur et dont j'ai envie de parler... Et c'est à ça que va servir cette chronique !",,https://onclesamproductions.wixsite.com/onclesamuniverse/acte-1,Français,Oui
Les Chroniques Galactiques,starwars.jpg (https://dl.airtable.com/.attachments/1dcf89e697a946d1e7d571aebf649bce/08a7427c/starwars.jpg),Terminé,"Hyperdrive,Zone 52",,"Science-Fiction,Licence",2:55,2:55,"C’est une période de troubles. La galaxie est gouvernée d’une main de fer par un empereur implacable. Mais une jeune rébellion refuse ce destin et s’attaque aux bastions de l’empire. Dans cette instabilité naissante, les réseaux de contrebande sont florissants, et permettent aux êtres vivants qui le choisissent, de vivre en dehors des règles. C’est le choix qu’a fait Wilhem Horn, qui s’apprête à obtenir le plus important contrat de toute sa carrière.",5,https://unfandestarwars.com/les-chroniques-galactiques/,Français,Oui
Les contes de Fitzgerald,fitzgerald.jpg (https://dl.airtable.com/.attachments/0554ef2a3ea960fa4b7b3c18aceb6e82/a9619344/fitzgerald.jpg),Terminé,"Léotte,Fal","Léotte,Fal","Humour,Musical",0:00,0:00,"Fitzgerald, jeune lutin dragueur et fainéant, qui s’apprête à voir sa vie changer du tout au tout, lorsque le Roi du Royaume de la Poudre d’Escampette (eh oui, nous sommes dans un monde de contes de fées) annonce dans une lettre que tous les chômeurs du Royaume doivent impérativement se rendre au camp militaire d’entraînement de Shfarznblurg, en vue d’une future mission pour le Royaume… Mais ce que Fitzgerald ne sait pas, c’est que ce n’est que le début de ses pérégrinations !",5,http://fitzgerald.studiosfal.com/,Français,Oui
Les Francs Tireurs,FrancsTireurs.png (https://dl.airtable.com/.attachments/0262d6aaba9499d8f0e7f777435f1c93/95cbf96b/FrancsTireurs.png),Terminé,Pharzor,,Action,0:00,0:00,"Menés par le Lieutenant Bellay, les deux tireurs d'élite, Lynx et Damoclès, sont chargés d'éliminer le chef terroriste Sadid Seif Ben Mahouad. Pris au piège dans les ruine de la ville, ils vont devoir lutter pour en réchapper.",,http://www.pharzor.fr/lesfrancstireurs.html,Français,Oui
Les magiciens de Néosia,neosia.jpg (https://dl.airtable.com/.attachments/2cd3d3649f6fa6942cc617ef7b71ccf7/6ad5bd48/neosia.jpg),Terminé,SilverCherry,SilverCherry,Fantasy,5:40,5:40,"""Si Érétis était un monde calme, nous ne serions pas tant submergés par ses créatures. Si Érétis était un monde en paix, nous n'aurions pas à nous dissimuler derrière de si hauts murs. Non, même ici, nous sommes encore les proies des ignobles projets d'envergure."" Ainsi se définit ce monde.",,https://silvercherry.fr/neosia,Français,Oui
Les Pourfendeurs,les-pourfendeurs.jpg (https://dl.airtable.com/.attachments/88277b81ab34ab3a10a81bd77b40e570/e3805183/les-pourfendeurs.jpg),En cours,"Fal,François TJP,Studio TJP","Fal,François TJP","Humour,Fantasy,Musical",2:04,2:04,"Cette fiction ""tarantino-fantasy"" suit les aventures (musicales) de deux frères pourfendeurs, Jacob & Wilhelm.",5,https://pourfendeurs.studiotjp.com/,Français,Oui
Mes Rêves Me Parlent,MRMP.jpg (https://dl.airtable.com/.attachments/c783d2fef04e642aebf4ef349c1cdc1a/d49a3ba7/MRMP.jpg),Terminé,icoste,icoste,Horreur,0:32,0:32,"David voudrait avoir une vie normale, il voudrait ne pas subir ces hallucinations qu'il ne comprend pas ... Une histoire inspirée par l'univers de H. P. Lovecraft.",5,https://icoste.space/#/fictions,Français,Oui
Mimesis,mimesis.jpg (https://dl.airtable.com/.attachments/5466765c046fe7ada6a057f3af9a4803/e6e23d05/mimesis.jpg),Terminé,Grégory Alan,,Science-Fiction,0:00,0:00,"Blasé par un métier rendu presque obsolète par la technologie, un inspecteur de la crim’ rencontre enfin l’enquête qu’il n’attendait plus. L’occasion pour lui de montrer qu’il en a toujours dans le cigare, quitte à renouer avec de vieilles méthodes pas toujours orthodoxes. Mimesis, c’est une fiction sonore de Grégory Alan qui vous plonge dans un univers sonore noir et immersif.",5,https://podcast.ausha.co/mimesis-la-fiction-sonore,Français,Oui
Mise à Jour,mise-a-jour.jpg (https://dl.airtable.com/.attachments/5f1b5b8ff553c146a4f84457b029935f/bc1e0799/mise-a-jour.jpg),Terminé,"Ranne Madsen,Draignaell,@now@n","Ranne Madsen,Draignaell,@now@n",Science-Fiction,0:35,0:35,"Hanako Isamu est une petite fille épanouie. Son père construit des robots androïdes. D’ailleurs, leur famille a inclus l’un d’eux, juste pour elle, chargé de veiller sur sa santé et son éducation. Il s’appelle Nathan et elle l’adore. Mais depuis quelques jours, il a l’air triste. Son père a l’air inquiet aussi d’ailleurs. Quant à sa mère, elle n’a jamais été aussi présente et angoissée. Elle n’a que 4 ans et demi, mais elle comprend bien que quelque chose de grave se passe. Mais quoi ?",5,https://2017.sagadelete.fr/saga/mise-a-jour,Français,Oui
Nébuleuse,nebuleuse.jpg (https://dl.airtable.com/.attachments/32090905eb984f3b56ddc9b96f1c2884/31761fc8/nebuleuse.jpg),Terminé,SilverCherry,,Science-Fiction,0:00,0:00,"Quelque part dans l'espace, deux vaisseaux ennemis s'affrontent. Mike et Murak, un homme et un homme-roche membres de la Fédération, tentent d'éloigner ce vaisseau rebelle de leur base. Soudainement, l'alerte intrusion s'enclenche : Une jeune femme blessée et paniquée s'est téléportée dans leur vaisseau et leur supplie de fuir le secteur.",,https://nebuleuse.silvercherry.fr/,Français,Oui
Network Evil 6,network-evil-petit.jpg (https://dl.airtable.com/.attachments/173c54f771c0279fef70caa2d06283c5/f1ebc488/network-evil-petit.jpg),En cours,"Cladall,Kwaam",,Licence,0:00,0:00,"Léon & Héléna assignés à la protection du président des États-Unis vont devoir survivre à une attaque bioterroriste qui va causer l’infection de toute une ville. Chris et Pims, membres du BSAA, luttent contre le bioterrorisme à travers le monde. Cherry est à la recherche de Jacques pour affronter le nouveau virus qui se répand dans le monde. Quant à Abba, on ne sait pas pour qui elle travaille et pourquoi elle est mêlée à tout ça.",,http://www.wavesavengers.fr/creations-audio/network-evil-6/,Français,
O.S. GATE,osg.jpg (https://dl.airtable.com/.attachments/ff695d4f6c89c00df359884f6890a8f0/a82fb09d/osg.jpg),Terminé,Khelian,,Science-Fiction,0:00,0:00,"Dans un monde en décomposition, peuplé de monstres et dont l’Essence se corrompt chaque jour un peu plus, un androïde se réveille dans une décharge. Un groupe de voyageurs lui demande son aide pour rejoindre leur seule chance de salut : une GATE, une des portes laissées par Dieu pour relier son monde au leur.",,https://2020.sagadelete.fr/saga/os-gate-episodios,Français,
Ornain,ornain.jpg (https://dl.airtable.com/.attachments/5937823706e1130210b3782fb4744a26/e55d5dbb/ornain.jpg),Terminé,"FibreTigre,Qualiter",,Policier,0:00,0:00,"Faux papiers, fraude fiscale, drogue, paranormal et mosquées illégales, notre solution pour doper l'économie en milieu rural. Ornain est notre 2e fiction, entre humour et grand banditisme, pour vous faire découvrir un département trop méconnu : la Meuse.",5,http://dequaliter.com/,Français,Oui
Oxymut,oxymut.jpg (https://dl.airtable.com/.attachments/e75e34db67588b1e30d883e73b6b8eb8/f312cb66/oxymut.jpg),En cours,Walter Proof,,"Science-Fiction,Humour,Musical",0:00,0:00,"Sur une mystérieuse base secrète au coeur de l’Antarctique, de mystérieux personnages préparent l’exode de l’humanité vers une mystérieuse planète d’accueil. Tout cela est bien mystérieux.",5,https://www.linaudible.com/category/oxymut/,Français,Oui
Pépins sous la start-up,pepins.png (https://dl.airtable.com/.attachments/0ff50c0a524c83e2686d24a51e1d31af/51cd2879/pepins.png),Terminé,Netophonix,,Humour,0:00,0:00,"1er décembre 2020 : promis juré, cette fois, il ne se passera rien de catastrophique à Noël pour le Netophonix. Des mesures drastiques sont en cours de déploiement par l’administration pour éviter toute dérive. Mais le destin finit toujours par rattraper sa proie. Une mystérieuse start-up se lance dans le domaine de la fiction sonore pour le disrupter et l’entreprise Netophonix est menacée de disparition par ce nouveau venu.",,https://avent.netophonix.com/2020/,Français,
Popcorns,popcorns.png (https://dl.airtable.com/.attachments/286c16457b5a3341e74d2c4ce366cf59/5f09254b/popcorns.png),Terminé,"Adelyx,Javras",,Science-Fiction,0:00,0:00,"Locaux de l’entreprise agro-alimentaire WonderCereals, 2042. Alors qu’une fete est organisée pour le lancement publicitaire du MegaPopcorn, produit phare de cette industrie, Adeline, une employée, et son ami, Romuald, partent explorer le batiment. Ils se retrouvent malgré eux melés à une histoire qui pourrait mettre leur vie en péril…",,https://javras.fr/sagas-mp3/popcorns/,Français,Oui
Por] [tail,portail.jpg (https://dl.airtable.com/.attachments/805b6b38b068e0761abfa05de1d1c628/02a89fb5/portail.jpg),Terminé,"Erika,Javras",,"Licence,Humour",0:00,0:00,"Shell, une jeune femme piégée dans les complexes de Fermeture Science, est forcée par une intelligence artificielle devenue incontrôlable, CRaDOS, à résoudre des tests à difficulté croissante dans des salles conçues à cet escient. Pour passer ces tests, Shell reçoit le Générateur de Portail, un appareil développé par Fermeture Science, qui lui permet de créer des trous, les portails, suffisamment larges pour la laisser y passer.",,http://portail.javras.fr/,Français,Oui
Potion fantasque,potion.jpg (https://dl.airtable.com/.attachments/c446e287cb0d900d897e9edd0d59ace3/38840ebd/potion.jpg),Terminé,Fripouille,Fripouille,Fantasy,0:40,0:40,"Des étudiants d'un royaume passent un examen pour obtenir leur diplôme. Nous suivons les péripéties de Sacha, un jeune étudiant qui n'aspire qu'à une vie tranquille sans efforts. Cet examen pourrait bien être une chance de vivre comme il l'entend, mais encore faut-il faire les efforts nécessaires...",5,https://soundcloud.com/fri-p/sets/potion-fantasque,Français,Oui
Queens Of Snakes,snakes.jpg (https://dl.airtable.com/.attachments/9242e5fc9dabe4a927fca2d34df71b91/387731d0/snakes.jpg),Terminé,Aurevoir Charlie Productions,,Tranche-de-vie,0:00,0:00,"Queens of Snakes, c’est l’histoire de deux copines qui se lancent dans le commerce de serpents mortels. Une activité illégale qui prendra de l’ampleur et donnera un sens inattendu à leur existence. Elles s’appellent Constance et Juliana. Elles vont devenir de véritables criminelles.",,http://queensofsnakes.com/,Français,
Qui est Miss Paddle ?,paddle.jpg (https://dl.airtable.com/.attachments/e16dc7fdb2d4fa694488e0ede0fcf817/25e29b51/paddle.jpg),Terminé,Pavillon Sonore,,Tranche-de-vie,0:00,0:00,"Tout a commencé par un like sur Instagram. Comment à partir d'une réflexion sur l'impact des réseaux sociaux sur nos vies amoureuses, Judith Duportail, journaliste a ouvert les yeux sur sa relation toxique. Une histoire d'emprise. Une (en)quête.",5,https://soundcloud.com/pavillon-sonore-172556199/sets/qui-est-miss-paddle-1,Français,Oui
Ragtime Doggo,ragtime.jpg (https://dl.airtable.com/.attachments/20763d2e2e2fdc154715d9d85833aa5d/854b5152/ragtime.jpg),Terminé,@now@n,@now@n,Policier,0:00,0:00,Un détective reçoit une cliente dans son bureau. Elle a une affaire de disparition à lui confier. Sera-t-il à la hauteur de la tâche herculéenne qui lui incombe désormais ? Vous le saurez en écoutant cette mini-saga de l'été en six épisodes.,5,https://2019.sagadelete.fr/saga/ragtime-doggo,Français,Oui
Red Universe,universe.jpg (https://dl.airtable.com/.attachments/39282bba57d604f4d20aae942ef026f7/5a2fbbd5/universe.jpg),En cours,Raoolito,Raoolito,Science-Fiction,0:00,0:00,"L’Exode : plusieurs centaines de milliers d'habitants de la planète Mater One quittent tout pour l'aventure de la colonisation d'une exoplanète lointaine ""Antarès IV"". Mais cet exode est forcée par le nouveau pouvoir qui se met en place : un régime totalitaire qui encourage tous ces proto-dissidents à partir. Laissera-t-il longtemps toute une partie d'opposants possibles de sa population s'installer sur une planète étrangère au risque de les voir se retourner contre lui ?",,https://reduniverse.fr/,Français,
Reflets d'Acide,reflets.jpg (https://dl.airtable.com/.attachments/ddfa3571ab398f6110808a85278556c6/ffd2079e/reflets.jpg),En cours,JBX,JBX,"Fantasy,Musical,Humour",9:14,9:14,"Wrandrall cherche désespérément des compagnons de route pour sa quête : ils devront braver vents et marées pour aller explorer une grotte. Nul ne sait ce qui les attend sur cette route, ni ce qu'ils trouveront au fond de cette grotte… Une seule chose est sûre, c'est qu'ils n'ont aucune idée de ce dans quoi ils se sont embarqués.",5,https://www.refletsdacide.com/,Français,Oui
Sara,sara.jpeg (https://dl.airtable.com/.attachments/6512acbdda11c9fd830b17a4f16d6b83/a44c84b0/sara.jpeg),Terminé,"Matthew Derby,Kevin Moffat,Nicolas Tarrin,Spotify",,"Science-Fiction,Tranche-de-vie",0:00,0:00,"Hélène a toujours rêvé de fuir sa ville natale. Lorsqu’elle décroche un job dans la société qui développe Sara, l’assistant virtuel préféré de tous, elle pense avoir trouvé un travail en or et un moyen de se débarrasser de son passé. Mais, travailler dans les coulisses de l’intelligence artificielle ne lui permet pas d’échapper à la réalité autant qu’elle l’espérait.",5,https://open.spotify.com/show/0QBWvZ8D4RG2ipzGx0SSRo,Français,Non
Schizein,poster.jpg (https://dl.airtable.com/.attachments/a404834f0f4baadcb6d5368a1201a346/6c23bfed/poster.jpg),Terminé,DestroKhorne,DestroKhorne,"Science-Fiction,Horreur",1:02,1:02,"L'esprit humain. Une des choses les plus complexes de notre monde, il n'en existe pas 2 pareils. L'esprit peut se scinder, peut créer, se fractionner avec une réalité, avoir le contrôle sur tout notre corps. Mais que se passe-t-il si ce même esprit est assassiné par ses propres créations ? Si sa fracture cause sa perte ? Alors le corps est destiné à mourir... Mais les fractions restent, elles veulent vivre. elles veulent le contrôle.",5,http://www.lorchestredelhumour.fr/index.php?view=schizein,Français,Oui
Schlouss,schlouss.jpeg (https://dl.airtable.com/.attachments/99f42d7edc65bcf0d21239fb132b6e0b/de36edea/schlouss.jpeg),Terminé,"Zu,Podcut",Zu,Science-Fiction,1:34,0:00,Pomme et Grandpoil se réveillent dans un monde où l'alcool a disparu. Une bonne chose ? Ecoutez donc pour vous faire un avis.,5,https://podcast.ausha.co/podcut-fictions/playlist/schlouss,Français,Oui
Siduri,siduri.jpg (https://dl.airtable.com/.attachments/67b3ed5f7d9da69ebf8306e25631a16e/bc4499e8/siduri.jpg),Terminé,"FibreTigre,Qualiter",,"Science-Fiction,Horreur",0:00,0:00,"Mission secrète, biochimies hypothétiques, dieux sumériens, arbres dragons, voyage et survie dans un lointain pays... Siduri est notre première fiction à mystères.",5,http://dequaliter.com/,Français,Oui
Tom & Max ,tom-max.png (https://dl.airtable.com/.attachments/e2af6f8cea11b570b89b51378fc658f2/cda30130/tom-max.png),En cours,"Ya.L,Audiodidact",,Humour,0:00,0:00,"Tom & Max sont deux amis qui vivent ensemble. Quand SOUDAIN, il reçoivent un mystérieux colis. Suivez-les dans leurs ""aventures"" avec leurs amis.... ou ENNEMIES.",,https://www.youtube.com/playlist?list=PLRPiA_JV--Xe2zD9J0ScwrS--2kIylb_y,Français,
Unknow ?,unknow.jpg (https://dl.airtable.com/.attachments/52e00b554319c425db591e9e66642c45/0d3ce731/unknow.jpg),Terminé,Émilie Madsen,,Science-Fiction,0:00,0:00,"Iels sont trois, iels sont amnésiques et se réveillent tou.te.s dans un et même lieu. Qui sont-iels ? Où sont-iels ? Et Pourquoi sont-iels ici ? sont évidemment les premières questions à se poser. Suivez l’aventure de ce groupe de trois en quête de réponses dans un monde fantastique/fantaisiste inconnu, voire hostile ?",,https://unknow.lepodcast.fr/,Français,
Voyage vers le sud,voyage.png (https://dl.airtable.com/.attachments/be492814e795b7d93c011b214ace9edb/d7f3a8c3/voyage.png),Terminé,"FibreTigre,Qualiter,Samuel Genin",,Science-Fiction,0:00,0:00,"Le monde occidental s'est effondré et seules quelques tribus survivent. Voici le voyage d'un des rescapés, de Lille à Marseille, et peut-être plus loin encore, vers le sud.",5,https://unknow.lepodcast.fr/,Français,Oui