ID,Pochette,Status,Numéro,Nombre d'épisodes,Fiction,Durée,Indépendant,Nom,Notes
1287 - S01,,Terminé,1,12,1287,3:41,Oui,,
Adoprixtoxis - S01,,Terminé,1,19,Adoprixtoxis,3:45,Oui,,
Afterlife Inc. - S01,,Terminé,1,8,Afterlife Inc.,0:51,Oui,,
Amydale Crossing - S01,,En cours,1,3,Amydale Crossing,0:49,Oui,,
Ânkh - S01,,Terminé,1,3,Ânkh,0:23,Oui,,
B-56 - S01,,En cours,1,1,B-56,0:10,Oui,,
Blind Cowboy - S01,,Terminé,1,5,Blind Cowboy,0:17,Oui,,
CA$HTING - S01,,Terminé,1,4,CA$HTING,1:28,Oui,,
Cinq - S01,,Terminé,1,1,Cinq,0:23,Oui,,
Clyde Vanilla - S01,,Terminé,1,10,Clyde Vanilla,3:11,Oui,,
Cyrano de Bergerac - S01,,En cours,1,3,Cyrano de Bergerac,1:41,Oui,,
Dianké - S01,,Terminé,1,12,Dianké,3:29,,,
Et la Terre éclata... - S01,,Terminé,1,10,Et la Terre éclata...,0:35,Oui,,
Et la Terre éclata... - S02,,Terminé,2,11,Et la Terre éclata...,1:12,Oui,,
Et la Terre éclata... - S03,,En cours,3,6,Et la Terre éclata...,0:37,Oui,,
Frite - S01,,Terminé,1,31,Frite,0:32,Oui,,
Grim Reapers - S01,,Terminé,1,4,Grim Reapers,0:34,Oui,,
Hector ou les Chroniques d'un Rastronaute  - S01,,En cours,1,5,Hector ou les Chroniques d'un Rastronaute ,1:30,Oui,,
HERO - S01,,Terminé,1,6,HERO,0:44,Oui,,
James Rico - Drame à Victory City - S01,,Terminé,1,1,James Rico - Drame à Victory City,0:24,Oui,,
James Rico - Le Joyau des Ombres - S01,,Terminé,1,1,James Rico - Le Joyau des Ombres,0:43,Oui,,
Jencyo Rêva - S01,Fhonirium - Jencyo Rêva - Chapitre 1.jpg (https://dl.airtable.com/.attachments/4c9f3b0b558c2e3105246ead30ef18f9/2f23e608/Fhonirium-JencyoRva-Chapitre1.jpg),Terminé,1,2,Jencyo Rêva,0:19,Non,,
Jencyo Rêva - S02,Fhonirium - Jencyo Rêva - Chapitre 2.jpg (https://dl.airtable.com/.attachments/c12e0f992ae5c3919f20e842ed532477/b0f60043/Fhonirium-JencyoRva-Chapitre2.jpg),Terminé,2,3,Jencyo Rêva,0:40,Non,,
Jencyo Rêva - S03,Fhonirium - Jencyo Rêva - Chapitre 3.jpg (https://dl.airtable.com/.attachments/d2e72abd554a0da9212e02216ef5784a/6b0de6b3/Fhonirium-JencyoRva-Chapitre3.jpg),Terminé,3,4,Jencyo Rêva,0:40,Non,,
Jencyo Rêva - S04,Fhonirium - Jencyo Rêva - Chapitre 4.jpg (https://dl.airtable.com/.attachments/587186c2a08f50defa03bf0eb221db17/741b8418/Fhonirium-JencyoRva-Chapitre4.jpg),Terminé,4,6,Jencyo Rêva,2:12,Non,,
Jencyo Rêva - S05,Fhonirium - Jencyo Rêva - Chapitre 5.jpg (https://dl.airtable.com/.attachments/7b4f342194ad41fd818c27e183568cc8/b42b7e50/Fhonirium-JencyoRva-Chapitre5.jpg),Terminé,5,5,Jencyo Rêva,2:34,Non,,
Jencyo Rêva - S06,Fhonirium - Jencyo Rêva - Chapitre 6.jpg (https://dl.airtable.com/.attachments/f9956113baa8fab72483c3f4dd9f4783/e55f2277/Fhonirium-JencyoRva-Chapitre6.jpg),En cours,6,4,Jencyo Rêva,1:48,Non,,
Journal de bord - S01,,En cours,1,2,Journal de bord,0:19,Oui,,
Kupla - S01,,Terminé,1,8,Kupla,1:34,Oui,,
L'Appel des abysses - S01,,Terminé,1,10,L'Appel des abysses,2:21,Oui,,
L'employé - S01,,Terminé,1,8,L'employé,2:55,Oui,,
L'épopée temporelle - S01,,Terminé,1,10,L'épopée temporelle,1:36,Non,,
L'épopée temporelle - S02,,Terminé,2,10,L'épopée temporelle,1:56,Non,,
L'Histoire de France (PLC) - S01,,Abandonné,1,8,L'Histoire de France (PLC),1:16,Oui,,
La Chaleur de l’endroit - S01,,Terminé,1,1,La Chaleur de l’endroit,0:00,Oui,,
La Légende de l'Ankou - S01,,Terminé,1,12,La Légende de l'Ankou,3:44,Oui,,
La légende de Xantah - S01,,En cours,1,8,La légende de Xantah,3:37,Oui,,
La Petite Souris - S01,,Terminé,1,1,La Petite Souris,0:08,Oui,,
La Traversée de Faëria - S01,,Terminé,1,1,La Traversée de Faëria,0:07,,,
Le Chevalier Bourré - S01,,Terminé,1,10,Le Chevalier Bourré,2:29,Non,L'Œuf de Pandogathère,
Le Chevalier Bourré - S02,,Terminé,2,5,Le Chevalier Bourré,2:41,Non,,
Le Dernier Souffle des Zéphyrs - S01,,Terminé,1,1,Le Dernier Souffle des Zéphyrs,0:26,Oui,,
Le donjon de Naheulbeuk - S01,,Terminé,1,15,Le donjon de Naheulbeuk,1:36,Non,,
Le donjon de Naheulbeuk - S02,,Terminé,2,19,Le donjon de Naheulbeuk,2:40,Non,,
Le donjon de Naheulbeuk - S03,,En cours,3,14,Le donjon de Naheulbeuk,1:50,Non,,
Les Aventuriers  - S01,,Terminé,1,11,Les Aventuriers ,1:16,Oui,,
Les Aventuriers du NHL2987 Survivaure - S01,,Terminé,1,18,Les Aventuriers du NHL2987 Survivaure,3:27,Oui,,
Les Chroniques Galactiques - S01,,Terminé,1,7,Les Chroniques Galactiques,1:20,Non,,
Les Chroniques Galactiques - S02,,Terminé,2,7,Les Chroniques Galactiques,1:35,Non,,
Les contes de Fitzgerald - S01,,Terminé,1,0,Les contes de Fitzgerald,0:00,,,
Les contes de Fitzgerald - S02,,Terminé,2,0,Les contes de Fitzgerald,0:00,,,
Les contes de Fitzgerald - S03,,Terminé,3,0,Les contes de Fitzgerald,0:00,,,
Les magiciens de Néosia - S01,NeosiaSaison1.jpg (https://dl.airtable.com/.attachments/5be8ee8923c60d7faf868eb4d5fc2019/a02f0875/NeosiaSaison1.jpg),Terminé,1,9,Les magiciens de Néosia,1:52,Non,,
Les magiciens de Néosia - S02,NeosiaSaison2.png (https://dl.airtable.com/.attachments/b75c8de88508440b203f026bbe5bc072/9f8700dc/NeosiaSaison2.png),Terminé,2,16,Les magiciens de Néosia,3:48,Non,,
Les Pourfendeurs - S01,,Terminé,1,6,Les Pourfendeurs,2:04,Oui,,
Mes Rêves Me Parlent - S01,,Terminé,1,3,Mes Rêves Me Parlent,0:32,Oui,,
Mise à Jour - S01,,Terminé,1,4,Mise à Jour,0:35,Oui,,
Network Evil 6 - S01,,En cours,1,5,Network Evil 6,0:00,Oui,,
Potion fantasque - S01,,Terminé,1,4,Potion fantasque,0:40,Oui,,
Reflets d'Acide - S01,,En cours,1,16,Reflets d'Acide,9:14,Oui,,
Schizein - S01,,Terminé,1,6,Schizein,1:02,Oui,,