Path,Nom,Numéro,Saison,Durée,Date,Description,Attachments,Piste
1287 - S01 E01,Le Complot,1,1287 - S01,15:09,2015,,,https://www.youtube.com/watch?v=jZvjPewX8vU&list=PLMTSO5fLj_87-V0XPztqpaePQ5T2YIzzY
1287 - S01 E02,Un Allié venant du Nord,2,1287 - S01,16:49,2015,,,https://www.youtube.com/watch?v=T1ECpKrU11Y&list=PLMTSO5fLj_87-V0XPztqpaePQ5T2YIzzY&index=2
1287 - S01 E03,Le Secret du Kaizer,3,1287 - S01,19:02,2015,,,https://www.youtube.com/watch?v=DiBNQH4KQ-c&list=PLMTSO5fLj_87-V0XPztqpaePQ5T2YIzzY&index=3
1287 - S01 E04,L’Or du Comte,4,1287 - S01,14:36,2015,,,https://www.youtube.com/watch?v=r5emP17ieOY&list=PLMTSO5fLj_87-V0XPztqpaePQ5T2YIzzY&index=4
1287 - S01 E05,Les Galettes de Toulouse,5,1287 - S01,17:55,2017,,,
1287 - S01 E06,La Dame de Fer,6,1287 - S01,25:17,2017,,,
1287 - S01 E07,Révélation divine,7,1287 - S01,16:14,2017,,,
1287 - S01 E08,Le destin d’un héros,8,1287 - S01,16:56,2018,,,
1287 - S01 E09,La fourberie des bretons,9,1287 - S01,17:44,2018,,,
1287 - S01 E10,L’ultime Affront,10,1287 - S01,16:28,2018,,,
1287 - S01 E11,Francie in Periculum 1,11,1287 - S01,20:50,2019,,,
1287 - S01 E12,Francie in Periculum 2,12,1287 - S01,23:53,2019,,,
Adoprixtoxis - S01 E01,Le naufrage,1,Adoprixtoxis - S01,8:36,,,,
Adoprixtoxis - S01 E02,Rencontre du 3e type,2,Adoprixtoxis - S01,14:05,,,,
Adoprixtoxis - S01 E03,On n'a pas trouvé de titre,3,Adoprixtoxis - S01,6:09,,,,
Adoprixtoxis - S01 E04,La grande évasion,4,Adoprixtoxis - S01,7:30,,,,
Adoprixtoxis - S01 E05,Les égoûts,5,Adoprixtoxis - S01,8:30,,,,
Adoprixtoxis - S01 E06,La suite du cinquième,6,Adoprixtoxis - S01,8:23,,,,
Adoprixtoxis - S01 E07,Les abysses,7,Adoprixtoxis - S01,8:00,,,,
Adoprixtoxis - S01 E08,La zone 51 et demi...,8,Adoprixtoxis - S01,9:28,,,,
Adoprixtoxis - S01 E09,Le 9e épisode,9,Adoprixtoxis - S01,7:47,,,,
Adoprixtoxis - S01 E10,Glagla,10,Adoprixtoxis - S01,9:00,,,,
Adoprixtoxis - S01 E11,Terminus,11,Adoprixtoxis - S01,8:43,,,,
Adoprixtoxis - S01 E12,Vroum !!!,12,Adoprixtoxis - S01,8:02,,,,
Adoprixtoxis - S01 E13,Blanquette de veau,13,Adoprixtoxis - S01,11:23,,,,
Adoprixtoxis - S01 E14,L'épave,14,Adoprixtoxis - S01,15:30,,,,
Adoprixtoxis - S01 E15,Phase 2,15,Adoprixtoxis - S01,15:57,,,,
Adoprixtoxis - S01 E16,Hyperspace,16,Adoprixtoxis - S01,19:57,,,,
Adoprixtoxis - S01 E17,Le début de la fin,17,Adoprixtoxis - S01,22:22,,,,
Adoprixtoxis - S01 E18,Mega battle Part 1,18,Adoprixtoxis - S01,19:58,,,,
Adoprixtoxis - S01 E19,Mega battle Part 2,19,Adoprixtoxis - S01,15:16,,,,
Afterlife Inc. - S01 E01,Le train,1,Afterlife Inc. - S01,3:27,2020,,,https://www.youtube.com/watch?v=LcYQVbNmYAo&list=PL_-IZ4z7HPGdGtD3MCj5OSUaoLpTKTm5o&index=2
Afterlife Inc. - S01 E02,Le réveil,2,Afterlife Inc. - S01,4:57,2020,,,https://www.youtube.com/watch?v=XP2nYliZK9Q&list=PL_-IZ4z7HPGdGtD3MCj5OSUaoLpTKTm5o&index=3
Afterlife Inc. - S01 E03,La peur,3,Afterlife Inc. - S01,3:26,2020,,,https://www.youtube.com/watch?v=I5E41n8x2wY&list=PL_-IZ4z7HPGdGtD3MCj5OSUaoLpTKTm5o&index=4
Afterlife Inc. - S01 E04,La rencontre,4,Afterlife Inc. - S01,11:11,2020,,,https://www.youtube.com/watch?v=CxDMCVVE71k&list=PL_-IZ4z7HPGdGtD3MCj5OSUaoLpTKTm5o&index=5
Afterlife Inc. - S01 E05,Les présentations,5,Afterlife Inc. - S01,4:09,2020,,,https://www.youtube.com/watch?v=GLn7VmQOj1A&list=PL_-IZ4z7HPGdGtD3MCj5OSUaoLpTKTm5o&index=6
Afterlife Inc. - S01 E06,Le quai,6,Afterlife Inc. - S01,4:35,2020,,,https://www.youtube.com/watch?v=5WHicsGN9h8&list=PL_-IZ4z7HPGdGtD3MCj5OSUaoLpTKTm5o&index=7
Afterlife Inc. - S01 E07,Le directeur,7,Afterlife Inc. - S01,4:18,2020,,,https://www.youtube.com/watch?v=6Xi2f3Ts9nk&list=PL_-IZ4z7HPGdGtD3MCj5OSUaoLpTKTm5o&index=8
Afterlife Inc. - S01 E08,La ruche,8,Afterlife Inc. - S01,14:51,2020,,,https://www.youtube.com/watch?v=dtC5HoZa5PQ&list=PL_-IZ4z7HPGdGtD3MCj5OSUaoLpTKTm5o&index=9
Amydale Crossing - S01 E01,Épisode 1,1,Amydale Crossing - S01,15:00,2020,,,https://www.youtube.com/watch?v=PXo-eBPT-GI&list=PLX9jskeW-ypfmr6Ct-VT0tcATtrYPVeTy&index=3
Amydale Crossing - S01 E02,Épisode 2,2,Amydale Crossing - S01,17:49,2021,,,https://www.youtube.com/watch?v=XtUNgAy1Pz0&list=PLX9jskeW-ypfmr6Ct-VT0tcATtrYPVeTy&index=2
Amydale Crossing - S01 E03,Épisode 3,3,Amydale Crossing - S01,16:23,2021,,,https://www.youtube.com/watch?v=u1nWPCsegOw&list=PLX9jskeW-ypfmr6Ct-VT0tcATtrYPVeTy&index=3
Ânkh - S01 E01,Épisode 1,1,Ânkh - S01,7:48,2020,,,https://www.youtube.com/watch?v=Tgp2NbEPR-0&list=PLX9jskeW-ypelfLANcESNCpU8Tk3l-wd1&index=1
Ânkh - S01 E02,Épisode 2,2,Ânkh - S01,5:50,2020,,,https://www.youtube.com/watch?v=UFt_lmvPnYc&list=PLX9jskeW-ypelfLANcESNCpU8Tk3l-wd1&index=2
Ânkh - S01 E03,Épisode 3,3,Ânkh - S01,9:12,2020,,,https://www.youtube.com/watch?v=uUZuduZXBkk&list=PLX9jskeW-ypelfLANcESNCpU8Tk3l-wd1&index=3
B-56 - S01 E01,Découverte,1,B-56 - S01,10:20,,,,https://www.youtube.com/watch?v=GBkvRKRwdHE
Blind Cowboy - S01 E01,Make the Dust Fly,1,Blind Cowboy - S01,3:54,2020,,,https://www.youtube.com/watch?v=YKUpl1cW5EQ&list=PLR3_sTHVLKhcxa8shna2NKXIdTJEEY_1W&index=1
Blind Cowboy - S01 E02,Birds of a Feather,2,Blind Cowboy - S01,3:12,2020,,,https://www.youtube.com/watch?v=iUPb71CPdTA&list=PLR3_sTHVLKhcxa8shna2NKXIdTJEEY_1W&index=2
Blind Cowboy - S01 E03,Keep the powder dry,3,Blind Cowboy - S01,3:44,2020,,,https://www.youtube.com/watch?v=B0mdRQnEnnA&list=PLR3_sTHVLKhcxa8shna2NKXIdTJEEY_1W&index=3
Blind Cowboy - S01 E04,Head over heels,4,Blind Cowboy - S01,2:25,2020,,,https://www.youtube.com/watch?v=USlCXHQzTJ0&list=PLR3_sTHVLKhcxa8shna2NKXIdTJEEY_1W&index=4
Blind Cowboy - S01 E05,Pieces of Eight,5,Blind Cowboy - S01,3:26,2020,,,https://www.youtube.com/watch?v=NtP3HO29hGg&list=PLR3_sTHVLKhcxa8shna2NKXIdTJEEY_1W&index=5
CA$HTING - S01 E01,Chapitre 1,1,CA$HTING - S01,19:59,2015,,,
CA$HTING - S01 E02,Chapitre 2,2,CA$HTING - S01,17:30,2015,,,
CA$HTING - S01 E03,Chapitre 3,3,CA$HTING - S01,27:58,2015,,,
CA$HTING - S01 E04,Chapitre 4,4,CA$HTING - S01,22:19,2015,,,
Cinq - S01 E01,Cinq,1,Cinq - S01,23:12,2016,,,
Clyde Vanilla - S01 E01,Destination : Destin !,1,Clyde Vanilla - S01,14:15,2017,,,https://www.youtube.com/watch?v=hjz5JHCAhk8&list=PLmnpJZxBm1ybcX3go6l5YlWGLKGDzijlz&index=1
Clyde Vanilla - S01 E02,Bonjour la Galère !,2,Clyde Vanilla - S01,19:23,2017,,,https://www.youtube.com/watch?v=Qo6HadwSTzQ&list=PLmnpJZxBm1ybcX3go6l5YlWGLKGDzijlz&index=2
Clyde Vanilla - S01 E03,Le Joyau de Agu-Agu,3,Clyde Vanilla - S01,16:24,2017,,,https://www.youtube.com/watch?v=xqEbjJllfXg&list=PLmnpJZxBm1ybcX3go6l5YlWGLKGDzijlz&index=3
Clyde Vanilla - S01 E04,Adjugé-Vendu !,4,Clyde Vanilla - S01,19:23,2017,,,https://www.youtube.com/watch?v=jOFkt98s6rE&list=PLmnpJZxBm1ybcX3go6l5YlWGLKGDzijlz&index=4
Clyde Vanilla - S01 E05,ＢＲＡＮＬＯＵＩＳ,5,Clyde Vanilla - S01,19:58,2017,,,https://www.youtube.com/watch?v=Wp8ZXoWZ6h8&list=PLmnpJZxBm1ybcX3go6l5YlWGLKGDzijlz&index=5
Clyde Vanilla - S01 E06,L'Enfer Jaune,6,Clyde Vanilla - S01,19:28,2017,,,https://www.youtube.com/watch?v=WVSvtPHj7Vw&list=PLmnpJZxBm1ybcX3go6l5YlWGLKGDzijlz&index=6
Clyde Vanilla - S01 E07,Discoball,7,Clyde Vanilla - S01,22:06,2017,,,https://www.youtube.com/watch?v=WmiaecBVBnY&list=PLmnpJZxBm1ybcX3go6l5YlWGLKGDzijlz&index=7
Clyde Vanilla - S01 E08,Le Client est Roi,8,Clyde Vanilla - S01,20:03,2017,,,https://www.youtube.com/watch?v=FQ7-aNX27Sc&list=PLmnpJZxBm1ybcX3go6l5YlWGLKGDzijlz&index=8
Clyde Vanilla - S01 E09,L'Être Primordial,9,Clyde Vanilla - S01,20:46,2017,,,https://www.youtube.com/watch?v=tEvxCacYbFU&list=PLmnpJZxBm1ybcX3go6l5YlWGLKGDzijlz&index=9
Clyde Vanilla - S01 E10,Confrontation ULTRAMAXIMALE,10,Clyde Vanilla - S01,19:34,2017,,,https://www.youtube.com/watch?v=z9TH79ghEbA&list=PLmnpJZxBm1ybcX3go6l5YlWGLKGDzijlz&index=10
Cyrano de Bergerac - S01 E01,Acte I,1,Cyrano de Bergerac - S01,37:39,2020,,,https://www.youtube.com/watch?v=zlQZJ21K2SU
Cyrano de Bergerac - S01 E02,Acte II,2,Cyrano de Bergerac - S01,31:30,2020,,,https://www.youtube.com/watch?v=tVhVbxtyAzs
Cyrano de Bergerac - S01 E03,Acte III,3,Cyrano de Bergerac - S01,31:40,2021,,,https://www.youtube.com/watch?v=kJakBxf8eNg
Dianké - S01 E01,Te plains pas de la pluie,1,Dianké - S01,18:29,2020,,,
Dianké - S01 E02,Les stigmates que l'on porte,2,Dianké - S01,17:22,2020,,,
Dianké - S01 E03,Le long chemin,3,Dianké - S01,19:31,2020,,,
Dianké - S01 E04,Dernière volontés,4,Dianké - S01,18:01,2020,,,
Dianké - S01 E05,Émergence,5,Dianké - S01,15:25,2020,,,
Dianké - S01 E06,L'alpha et l'oméga,6,Dianké - S01,17:44,2020,,,
Dianké - S01 E07,Engagement,7,Dianké - S01,16:12,2020,,,
Dianké - S01 E08,Ma belle citadelle,8,Dianké - S01,17:21,2020,,,
Dianké - S01 E09,Le temps des coups-bas,9,Dianké - S01,17:10,2020,,,
Dianké - S01 E10,Premier tour,10,Dianké - S01,17:01,2020,,,
Dianké - S01 E11,Au bout du chemin,11,Dianké - S01,17:09,2020,,,
Dianké - S01 E12,En attendant le jour,12,Dianké - S01,17:38,2020,,,
Et la Terre éclata... - S01 E01,Robots,1,Et la Terre éclata... - S01,2:13,2014,,,
Et la Terre éclata... - S01 E02,Mail-Bomber,2,Et la Terre éclata... - S01,2:31,2014,,,
Et la Terre éclata... - S01 E03,Erwin,3,Et la Terre éclata... - S01,2:34,2014,,,
Et la Terre éclata... - S01 E04,Horsemen,4,Et la Terre éclata... - S01,3:41,2014,,,
Et la Terre éclata... - S01 E05,Mur,5,Et la Terre éclata... - S01,3:19,2014,,,
Et la Terre éclata... - S01 E06,Terriens aux abois,6,Et la Terre éclata... - S01,3:45,2014,,,
Et la Terre éclata... - S01 E07,Pop-Culture,7,Et la Terre éclata... - S01,3:37,2014,,,
Et la Terre éclata... - S01 E08,La réunion,8,Et la Terre éclata... - S01,6:27,2014,,,
Et la Terre éclata... - S01 E09,CERN,9,Et la Terre éclata... - S01,3:38,2014,,,
Et la Terre éclata... - S01 E10,Multivers,10,Et la Terre éclata... - S01,3:27,2014,,,
Et la Terre éclata... - S02 E01,Horloger,1,Et la Terre éclata... - S02,4:49,2015,,,
Et la Terre éclata... - S02 E02,Guest Star,2,Et la Terre éclata... - S02,4:02,2015,,,
Et la Terre éclata... - S02 E03,Mentalisme,3,Et la Terre éclata... - S02,4:02,2015,,,
Et la Terre éclata... - S02 E04,Spygames,4,Et la Terre éclata... - S02,6:49,2015,,,
Et la Terre éclata... - S02 E05,Rétro-industriel,5,Et la Terre éclata... - S02,4:54,2015,,,
Et la Terre éclata... - S02 E06,Versailles,6,Et la Terre éclata... - S02,9:43,2015,,,
Et la Terre éclata... - S02 E07,Pensée Magique,7,Et la Terre éclata... - S02,6:24,2015,,,
Et la Terre éclata... - S02 E08,Zombies,8,Et la Terre éclata... - S02,3:41,2015,,,
Et la Terre éclata... - S02 E09,Noé,9,Et la Terre éclata... - S02,17:54,2015,,,
Et la Terre éclata... - S02 E10,Rupture,10,Et la Terre éclata... - S02,4:22,2015,,,
Et la Terre éclata... - S02 E11,Pimp my Ride (spécial Xmas),11,Et la Terre éclata... - S02,5:17,2015,,,
Et la Terre éclata... - S03 E01,Aller vers le passé,1,Et la Terre éclata... - S03,3:35,2019,,,
Et la Terre éclata... - S03 E02,La fête de la science,2,Et la Terre éclata... - S03,8:34,2019,,,
Et la Terre éclata... - S03 E03,Saules,3,Et la Terre éclata... - S03,7:55,2019,,,
Et la Terre éclata... - S03 E04,Apprenti·e·s sorcier·e·s,4,Et la Terre éclata... - S03,6:12,2019,,,
Et la Terre éclata... - S03 E05,Soapération,5,Et la Terre éclata... - S03,6:08,2019,,,
Et la Terre éclata... - S03 E06,Boum-Man (spécial Xmas),6,Et la Terre éclata... - S03,4:23,2020,,,
Frite - S01 E01,Mise en bouche,1,Frite - S01,0:31,,,,
Frite - S01 E02,Première frite,2,Frite - S01,0:51,,,,
Frite - S01 E03,Deuxième frite,3,Frite - S01,0:18,,,,
Frite - S01 E04,Troisième frite,4,Frite - S01,0:36,,,,
Frite - S01 E05,Quatrième frite,5,Frite - S01,0:49,,,,
Frite - S01 E06,Cinquième frite,6,Frite - S01,0:14,,,,
Frite - S01 E07,Sixième frite,7,Frite - S01,0:14,,,,
Frite - S01 E08,Septième frite,8,Frite - S01,0:16,,,,
Frite - S01 E09,Huitième frite,9,Frite - S01,1:11,,,,
Frite - S01 E10,Neuvième frite,10,Frite - S01,0:39,,,,
Frite - S01 E11,Dixième frite,11,Frite - S01,0:39,,,,
Frite - S01 E12,Onzième frite,12,Frite - S01,0:19,,,,
Frite - S01 E13,Douzième frite,13,Frite - S01,0:13,,,,
Frite - S01 E14,Treizième frite,14,Frite - S01,0:07,,,,
Frite - S01 E15,Quatorzième frite,15,Frite - S01,0:26,,,,
Frite - S01 E16,Quinzième frite,16,Frite - S01,1:02,,,,
Frite - S01 E17,Seizième frite,17,Frite - S01,1:06,,,,
Frite - S01 E18,Dix-septième frite,18,Frite - S01,1:45,,,,
Frite - S01 E19,Dix-huitième frite,19,Frite - S01,0:53,,,,
Frite - S01 E20,Dix-neuvième frite,20,Frite - S01,0:58,,,,
Frite - S01 E21,Vingtième frite,21,Frite - S01,1:34,,,,
Frite - S01 E22,Twenty First Fry,22,Frite - S01,1:56,,,,
Frite - S01 E23,Vingt-et-unième frite,23,Frite - S01,1:54,,,,
Frite - S01 E24,Vingt-deuxième frite,24,Frite - S01,1:06,,,,
Frite - S01 E25,Vingt-troisième frite,25,Frite - S01,2:09,,,,
Frite - S01 E26,Vingt-quatrième frite,26,Frite - S01,1:42,,,,
Frite - S01 E27,Vingt-cinquième frite mal cuite,27,Frite - S01,0:18,,,,
Frite - S01 E28,Vingt-cinquième frite,28,Frite - S01,2:10,,,,
Frite - S01 E29,Vingt-sixième frite,29,Frite - S01,2:27,,,,
Frite - S01 E30,Vingt-septième frite,30,Frite - S01,0:26,,,,
Frite - S01 E31,Dernière frite,31,Frite - S01,2:45,,,,
Grim Reapers - S01 E01,Prologue,1,Grim Reapers - S01,6:37,2019,,,https://www.youtube.com/watch?v=57m8vzB87qw&list=PLX9jskeW-ypcOpw3ROXwB8hu_LkqGJgz-&index=1
Grim Reapers - S01 E02,Mission Au Par-Delà,2,Grim Reapers - S01,6:14,2019,,,https://www.youtube.com/watch?v=Qh4KMUFv_yA&list=PLX9jskeW-ypcOpw3ROXwB8hu_LkqGJgz-&index=2
Grim Reapers - S01 E03,Marginaux & Abyssaux,3,Grim Reapers - S01,7:30,2020,,,https://www.youtube.com/watch?v=wlLz6FNMO58&list=PLX9jskeW-ypcOpw3ROXwB8hu_LkqGJgz-&index=3
Grim Reapers - S01 E04,In Nomine Pater,4,Grim Reapers - S01,13:54,2020,,,https://www.youtube.com/watch?v=NaealDgU9U0&list=PLX9jskeW-ypcOpw3ROXwB8hu_LkqGJgz-&index=4
Hectore ou les Chroniques d'un Rastronaute - S01 E01,Épisode 1,1,Hectore ou les Chroniques d'un Rastronaute - S01,10:46,2020,,,
Hectore ou les Chroniques d'un Rastronaute - S01 E02,Épisode 2,2,Hectore ou les Chroniques d'un Rastronaute - S01,14:05,2020,,,
Hectore ou les Chroniques d'un Rastronaute - S01 E03,Épisode 3,3,Hectore ou les Chroniques d'un Rastronaute - S01,18:16,2020,,,
Hectore ou les Chroniques d'un Rastronaute - S01 E04,Épisode 4,4,Hectore ou les Chroniques d'un Rastronaute - S01,20:16,2020,,,
Hectore ou les Chroniques d'un Rastronaute - S01 E05,Épisode 5,5,Hectore ou les Chroniques d'un Rastronaute - S01,27:00,2020,,,
HERO - S01 E01,Vilain,1,HERO - S01,5:10,,Grimm commence sa vengeance de manière... sanglante.,,
HERO - S01 E02,Punching Balls,2,HERO - S01,6:31,,Grimm continue sa violente ascension vengeresse.,,
HERO - S01 E03,Sidekick,3,HERO - S01,8:32,,Grimm rencontre sur sa route un individu qui pourrait changer sa perception des choses... ou pas.,,
HERO - S01 E04,Ascension,4,HERO - S01,7:02,,"Plus forte est l'ascension, plus dure sera la chute mais plus rapide sera la remontée... et plus sanglante !",,
HERO - S01 E05,Obstacles,5,HERO - S01,7:43,,"Grimm, plus « désarmé » que jamais, doit faire face à encore et toujours plus d'obstacles. Mais la fin est proche.",,
HERO - S01 E06,Hero,6,HERO - S01,8:56,,L'affrontement final et tant attendu entre Helten et Grimm. Qui en ressortira vivant ?,,
James Rico - Drame à Victory City - S01 E01,Drame à Victory City,1,James Rico - Drame à Victory City - S01,24:23,,,,https://www.youtube.com/watch?v=oFDtaJBPHSU
James Rico - Le Joyau des Ombres - S01 E01,Le Joyau des Ombres,1,James Rico - Le Joyau des Ombres - S01,43:17,2021,,,https://www.youtube.com/watch?v=2lhgQ5gG_eA
Jencyo Rêva - S01 E01,Prologue,1,Jencyo Rêva - S01,8:10,,,,https://www.youtube.com/watch?v=cMcYQKJuVms&list=PLmGrcBYePAlK22p-DtbeLLylM-KHnCkhw&index=1
Jencyo Rêva - S01 E02,Épisode 1,2,Jencyo Rêva - S01,10:35,,,,https://www.youtube.com/watch?v=SK5uMysWloM&list=PLmGrcBYePAlK22p-DtbeLLylM-KHnCkhw&index=2
Jencyo Rêva - S02 E01,Prologue,1,Jencyo Rêva - S02,8:50,,,,
Jencyo Rêva - S02 E02,Épisode 1,2,Jencyo Rêva - S02,12:17,,,,
Jencyo Rêva - S02 E03,Épisode 2,3,Jencyo Rêva - S02,19:09,,,,
Jencyo Rêva - S03 E01,Prologue,1,Jencyo Rêva - S03,16:19,,,,
Jencyo Rêva - S03 E02,Épisode 1,2,Jencyo Rêva - S03,9:20,,,,
Jencyo Rêva - S03 E03,Épisode 2,3,Jencyo Rêva - S03,14:42,,,,
Jencyo Rêva - S03 E00,,,Jencyo Rêva - S03,,,,,
Jencyo Rêva - S04 E01,Épisode 1,1,Jencyo Rêva - S04,30:17,,,,
Jencyo Rêva - S04 E02,Épisode 2,2,Jencyo Rêva - S04,19:41,,,,
Jencyo Rêva - S04 E03,Épisode 3,3,Jencyo Rêva - S04,27:07,,,,
Jencyo Rêva - S04 E04,Épisode 4,4,Jencyo Rêva - S04,29:05,,,,
Jencyo Rêva - S04 E05,Épilogue,5,Jencyo Rêva - S04,26:00,,,,
Jencyo Rêva - S04 E00,,,Jencyo Rêva - S04,,,,,
Jencyo Rêva - S05 E01,Prologue,1,Jencyo Rêva - S05,17:00,,,,
Jencyo Rêva - S05 E02,Épisode 1,2,Jencyo Rêva - S05,18:40,,,,
Jencyo Rêva - S05 E03,Épisode 2,3,Jencyo Rêva - S05,27:41,,,,
Jencyo Rêva - S05 E04,Épisode 3,4,Jencyo Rêva - S05,40:00,,,,
Jencyo Rêva - S05 E05,Épisode 4,5,Jencyo Rêva - S05,50:30,,,,
Jencyo Rêva - S06 E01,Prologue,1,Jencyo Rêva - S06,7:30,,,,
Jencyo Rêva - S06 E02,Épisode 1,2,Jencyo Rêva - S06,23:00,,,,
Jencyo Rêva - S06 E03,Épisode 2,3,Jencyo Rêva - S06,24:00,,,,
Jencyo Rêva - S06 E04,Épisode 3,4,Jencyo Rêva - S06,53:00,,,,
Journal de bord - S01 E01,Les voix du néant,1,Journal de bord - S01,10:08,,,,https://www.youtube.com/watch?v=iRVYnzxU65A
Journal de bord - S01 E02,L'appel de l'au-delà,2,Journal de bord - S01,9:14,,,,https://www.youtube.com/watch?v=Wa0U0ieonaM
Kupla - S01 E01,L'experte qualité,1,Kupla - S01,13:21,2020,,,
Kupla - S01 E02,L'avant-goût,2,Kupla - S01,10:56,2020,,,
Kupla - S01 E03,Le saxophoniste,3,Kupla - S01,14:44,2020,,,
Kupla - S01 E04,L'alerte,4,Kupla - S01,10:59,2020,,,
Kupla - S01 E05,Shanghaï,5,Kupla - S01,11:31,2020,,,
Kupla - S01 E06,The new kitchen,6,Kupla - S01,11:53,2020,,,
Kupla - S01 E07,Les retrouvailles,7,Kupla - S01,10:07,2020,,,
Kupla - S01 E08,Le beignet de crevettes,8,Kupla - S01,10:38,2020,,,
L'Appel des abysses - S01 E01,Sous la surface,1,L'Appel des abysses - S01,16:33,2018,,,
L'Appel des abysses - S01 E02,Poseurs de bombes,2,L'Appel des abysses - S01,12:23,2018,,,
L'Appel des abysses - S01 E03,Entre deux eaux,3,L'Appel des abysses - S01,15:28,2018,,,
L'Appel des abysses - S01 E04,La galaxie des ondulations,4,L'Appel des abysses - S01,15:23,2018,,,
L'Appel des abysses - S01 E05,Passés immergés,5,L'Appel des abysses - S01,8:19,2018,,,
L'Appel des abysses - S01 E06,Sur le chalutier d'Anton,6,L'Appel des abysses - S01,15:37,2018,,,
L'Appel des abysses - S01 E07,La noyade,7,L'Appel des abysses - S01,11:29,2018,,,
L'Appel des abysses - S01 E08,Il y a douze ans,8,L'Appel des abysses - S01,15:54,2018,,,
L'Appel des abysses - S01 E09,Dans la tempête,9,L'Appel des abysses - S01,14:32,2018,,,
L'Appel des abysses - S01 E10,La révolution,10,L'Appel des abysses - S01,15:25,2018,,,
L'employé - S01 E01,La Manifestante,1,L'employé - S01,13:46,2019,,,
L'employé - S01 E02,Le Soldat,2,L'employé - S01,21:07,2019,,,
L'employé - S01 E03,Le Prêtre,3,L'employé - S01,23:43,2019,,,
L'employé - S01 E04,La Professeure,4,L'employé - S01,24:54,2019,,,
L'employé - S01 E05,L'Oublié,5,L'employé - S01,20:33,2019,,,
L'employé - S01 E06,Le Meurtrier,6,L'employé - S01,22:39,2019,,,
L'employé - S01 E07,La Réponse,7,L'employé - S01,27:04,2019,,,
L'employé - S01 E08,La Supérieure,8,L'employé - S01,21:20,2019,,,
L'épopée temporelle - S01 E01,Le robot,1,L'épopée temporelle - S01,8:54,2017,,,https://www.youtube.com/watch?v=XZnySZWeSJM&list=PLN-TcjS0qZKXFfIUWXxv9bvs19868yJiJ
L'épopée temporelle - S01 E02,La disparition,2,L'épopée temporelle - S01,8:47,2017,,,https://www.youtube.com/watch?v=u8P61-FsMMA&list=PLN-TcjS0qZKXFfIUWXxv9bvs19868yJiJ&index=2
L'épopée temporelle - S01 E03,L'enfant perdu,3,L'épopée temporelle - S01,8:26,2017,,,https://www.youtube.com/watch?v=4JfFVVbv5Lo&list=PLN-TcjS0qZKXFfIUWXxv9bvs19868yJiJ&index=3
L'épopée temporelle - S01 E04,La chute,4,L'épopée temporelle - S01,8:53,2017,,,https://www.youtube.com/watch?v=Jbc_gCzzitE&list=PLN-TcjS0qZKXFfIUWXxv9bvs19868yJiJ&index=4
L'épopée temporelle - S01 E05,Le scientifique,5,L'épopée temporelle - S01,8:53,2017,,,https://www.youtube.com/watch?v=ovDcJ_MNNkE&list=PLN-TcjS0qZKXFfIUWXxv9bvs19868yJiJ&index=5
L'épopée temporelle - S01 E06,Le sacrifice,6,L'épopée temporelle - S01,9:17,2017,,,https://www.youtube.com/watch?v=Sm5Ai0WRLXw&list=PLN-TcjS0qZKXFfIUWXxv9bvs19868yJiJ&index=6
L'épopée temporelle - S01 E07,Les épreuves,7,L'épopée temporelle - S01,10:03,2017,,,https://www.youtube.com/watch?v=AE3QyMf900I&list=PLN-TcjS0qZKXFfIUWXxv9bvs19868yJiJ&index=7
L'épopée temporelle - S01 E08,Le tournoi,8,L'épopée temporelle - S01,9:11,2017,,,https://www.youtube.com/watch?v=b5BqxjAmJ1M&list=PLN-TcjS0qZKXFfIUWXxv9bvs19868yJiJ&index=8
L'épopée temporelle - S01 E09,Le match final,9,L'épopée temporelle - S01,10:50,2017,,,https://www.youtube.com/watch?v=RDqrr9GapCk&list=PLN-TcjS0qZKXFfIUWXxv9bvs19868yJiJ&index=9
L'épopée temporelle - S01 E10,Fin,10,L'épopée temporelle - S01,13:09,2017,,,https://www.youtube.com/watch?v=Am9pavV7q2g&list=PLN-TcjS0qZKXFfIUWXxv9bvs19868yJiJ&index=10
L'épopée temporelle - S02 E01,Le temps cassé,1,L'épopée temporelle - S02,11:46,2018,,,https://www.youtube.com/watch?v=bZRQJzI1Q3g&list=PLN-TcjS0qZKXFfIUWXxv9bvs19868yJiJ&index=11
L'épopée temporelle - S02 E02,Le Titanic,2,L'épopée temporelle - S02,11:09,2018,,,https://www.youtube.com/watch?v=XZBodG_0auE&list=PLN-TcjS0qZKXFfIUWXxv9bvs19868yJiJ&index=12
L'épopée temporelle - S02 E03,Léonard De Vinci,3,L'épopée temporelle - S02,10:16,2018,,,https://www.youtube.com/watch?v=EpWUjY535_4&list=PLN-TcjS0qZKXFfIUWXxv9bvs19868yJiJ&index=13
L'épopée temporelle - S02 E04,Flèches et canon laser,4,L'épopée temporelle - S02,12:37,2018,,,https://www.youtube.com/watch?v=3xJkPupLXzg&list=PLN-TcjS0qZKXFfIUWXxv9bvs19868yJiJ&index=14
L'épopée temporelle - S02 E05,Dans l'arène,5,L'épopée temporelle - S02,12:28,2018,,,https://www.youtube.com/watch?v=tY7Q9Gy32Z8&list=PLN-TcjS0qZKXFfIUWXxv9bvs19868yJiJ&index=15
L'épopée temporelle - S02 E06,Dieu créa Internet,6,L'épopée temporelle - S02,9:39,2018,,,https://www.youtube.com/watch?v=wRpCUd16FEU&list=PLN-TcjS0qZKXFfIUWXxv9bvs19868yJiJ&index=16
L'épopée temporelle - S02 E07,La Prise de La Bastille,7,L'épopée temporelle - S02,10:05,2018,,,https://www.youtube.com/watch?v=BcFieu1XCQI&list=PLN-TcjS0qZKXFfIUWXxv9bvs19868yJiJ&index=17
L'épopée temporelle - S02 E08,Le Livre Sacré,8,L'épopée temporelle - S02,9:26,2018,,,https://www.youtube.com/watch?v=rpg36-e1B8U&list=PLN-TcjS0qZKXFfIUWXxv9bvs19868yJiJ&index=18
L'épopée temporelle - S02 E09,Denver,9,L'épopée temporelle - S02,14:24,2018,,,https://www.youtube.com/watch?v=0xq9fTCzhis&list=PLN-TcjS0qZKXFfIUWXxv9bvs19868yJiJ&index=19
L'épopée temporelle - S02 E10,Fin,10,L'épopée temporelle - S02,13:40,2018,,,https://www.youtube.com/watch?v=sFqNL_ZXJSE&list=PLN-TcjS0qZKXFfIUWXxv9bvs19868yJiJ&index=20
L'Histoire de France (PLC) - S01 E01,Le Mésolithique,1,L'Histoire de France (PLC) - S01,6:30,2013,,,
L'Histoire de France (PLC) - S01 E02,Le Néolithique,2,L'Histoire de France (PLC) - S01,8:18,2013,,,
L'Histoire de France (PLC) - S01 E03,L'Âge Des Métaux,3,L'Histoire de France (PLC) - S01,8:45,2013,,,
L'Histoire de France (PLC) - S01 E04,"Les Gaulois, Fils De Celtes",4,L'Histoire de France (PLC) - S01,8:35,2013,,,
L'Histoire de France (PLC) - S01 E05,La Guerre Des Gaules,5,L'Histoire de France (PLC) - S01,8:48,2013,,,
L'Histoire de France (PLC) - S01 E06,"Vercingétorix, Chef Des Gaulois",6,L'Histoire de France (PLC) - S01,11:07,2014,,,
L'Histoire de France (PLC) - S01 E07,"La Gaule, Province Romaine",7,L'Histoire de France (PLC) - S01,10:25,2014,,,
L'Histoire de France (PLC) - S01 E08,Lutèce et les Parisii,8,L'Histoire de France (PLC) - S01,13:52,2015,,,
La Chaleur de l’endroit - S01 E01,,1,La Chaleur de l’endroit - S01,,2020,,,https://www.youtube.com/watch?v=P4lDE-uE0Ag
La Légende de l'Ankou - S01 E01,Miz Genver - Janvier,1,La Légende de l'Ankou - S01,17:05,,,,
La Légende de l'Ankou - S01 E02,Miz C'hwevrer - Février,2,La Légende de l'Ankou - S01,19:30,,,,
La Légende de l'Ankou - S01 E03,Mars,3,La Légende de l'Ankou - S01,16:31,,,,
La Légende de l'Ankou - S01 E04,Miz Ebrel - Avril,4,La Légende de l'Ankou - S01,23:09,,,,
La Légende de l'Ankou - S01 E05,Miz Mae - Mai,5,La Légende de l'Ankou - S01,23:59,,,,
La Légende de l'Ankou - S01 E06,Miz Even - Juin,6,La Légende de l'Ankou - S01,21:41,,,,
La Légende de l'Ankou - S01 E07,Miz Gouere - Juillet,7,La Légende de l'Ankou - S01,13:17,,,,
La Légende de l'Ankou - S01 E08,Miz Eosr - Août,8,La Légende de l'Ankou - S01,15:52,,,,
La Légende de l'Ankou - S01 E09,Septembre,9,La Légende de l'Ankou - S01,15:22,,,,
La Légende de l'Ankou - S01 E10,Miz Here - Octobre,10,La Légende de l'Ankou - S01,18:58,,,,
La Légende de l'Ankou - S01 E11,Miz Du - Novembre,11,La Légende de l'Ankou - S01,16:49,,,,
La Légende de l'Ankou - S01 E12,Miz Kerzu- Décembre,12,La Légende de l'Ankou - S01,22:10,,,,
La légende de Xantah - S01 E01,La Capsule,1,La légende de Xantah - S01,17:47,,,,
La légende de Xantah - S01 E02,La Légende,2,La légende de Xantah - S01,19:03,,,,
La légende de Xantah - S01 E03,Le Vaisseau Fantôme,3,La légende de Xantah - S01,19:57,2012,,,
La légende de Xantah - S01 E04,Toxine,4,La légende de Xantah - S01,20:56,2012,,,
La légende de Xantah - S01 E05,La Clef,5,La légende de Xantah - S01,26:32,2013,,,
La légende de Xantah - S01 E06,Green18,6,La légende de Xantah - S01,22:22,2014,,,
La légende de Xantah - S01 E07,Farra,7,La légende de Xantah - S01,33:56,2015,,,
La légende de Xantah - S01 E08,Hard Reboot,8,La légende de Xantah - S01,56:03,2018,,,
La Petite Souris - S01 E01,La Petite Souris,1,La Petite Souris - S01,7:36,2020,,,
La Traversée de Faëria - S01 E01,La rencontre,1,La Traversée de Faëria - S01,7:16,,,,https://www.youtube.com/watch?v=4bBomlFtkUc
Le Chevalier Bourré - S01 E01,L'adoubement,1,Le Chevalier Bourré - S01,5:37,2011,,,
Le Chevalier Bourré - S01 E02,Les plaines d'Heldëa,2,Le Chevalier Bourré - S01,7:44,2011,,,
Le Chevalier Bourré - S01 E03,Tout à l'envers,3,Le Chevalier Bourré - S01,9:04,2011,,,
Le Chevalier Bourré - S01 E04,Mémé Gâteaux,4,Le Chevalier Bourré - S01,6:30,2009,,,
Le Chevalier Bourré - S01 E05,Dans le panneau,5,Le Chevalier Bourré - S01,11:37,2009,,,
Le Chevalier Bourré - S01 E06,Les collines... de la mort,6,Le Chevalier Bourré - S01,14:07,2009,,,
Le Chevalier Bourré - S01 E07,Destins et vérités,7,Le Chevalier Bourré - S01,21:35,2009,,,
Le Chevalier Bourré - S01 E08,Dieu(x) du ciel !,8,Le Chevalier Bourré - S01,23:17,2010,,,
Le Chevalier Bourré - S01 E09,Descente aux enfers,9,Le Chevalier Bourré - S01,24:28,2010,,,
Le Chevalier Bourré - S01 E10,Déjà vu,10,Le Chevalier Bourré - S01,25:12,2010,,,
Le Chevalier Bourré - S02 E01,Les revenants 1/2,1,Le Chevalier Bourré - S02,30:01,2010,,,
Le Chevalier Bourré - S02 E02,Les revenants 2/2,2,Le Chevalier Bourré - S02,33:50,2011,,,
Le Chevalier Bourré - S02 E03,Finis coronat opus 1/3,3,Le Chevalier Bourré - S02,27:18,2011,,,
Le Chevalier Bourré - S02 E04,Finis coronat opus 2/3,4,Le Chevalier Bourré - S02,28:34,2011,,,
Le Chevalier Bourré - S02 E05,Finis coronat opus 3/3,5,Le Chevalier Bourré - S02,41:21,2012,,,
Le Dernier Souffle des Zéphyrs - S01 E01,Le Dernier Souffle des Zéphyrs,1,Le Dernier Souffle des Zéphyrs - S01,26:28,,,,https://www.youtube.com/watch?v=u1YyO_67DmA
Le donjon de Naheulbeuk - S01 E01,Épisode 1,1,Le donjon de Naheulbeuk - S01,4:16,2010,,,
Le donjon de Naheulbeuk - S01 E02,Épisode 2,2,Le donjon de Naheulbeuk - S01,6:17,2010,,,
Le donjon de Naheulbeuk - S01 E03,Épisode 3,3,Le donjon de Naheulbeuk - S01,4:20,2001,,,
Le donjon de Naheulbeuk - S01 E04,Épisode 4,4,Le donjon de Naheulbeuk - S01,5:10,2001,,,
Le donjon de Naheulbeuk - S01 E05,Épisode 5,5,Le donjon de Naheulbeuk - S01,6:37,2001,,,
Le donjon de Naheulbeuk - S01 E06,Épisode 6,6,Le donjon de Naheulbeuk - S01,5:47,2001,,,
Le donjon de Naheulbeuk - S01 E07,Épisode 7,7,Le donjon de Naheulbeuk - S01,7:11,2001,,,
Le donjon de Naheulbeuk - S01 E08,Épisode 8,8,Le donjon de Naheulbeuk - S01,8:30,2001,,,
Le donjon de Naheulbeuk - S01 E09,Épisode 9,9,Le donjon de Naheulbeuk - S01,7:59,2001,,,
Le donjon de Naheulbeuk - S01 E10,Épisode 10,10,Le donjon de Naheulbeuk - S01,4:52,2002,,,
Le donjon de Naheulbeuk - S01 E11,Épisode 11,11,Le donjon de Naheulbeuk - S01,6:16,2002,,,
Le donjon de Naheulbeuk - S01 E12,Épisode 12,12,Le donjon de Naheulbeuk - S01,6:40,2002,,,
Le donjon de Naheulbeuk - S01 E13,Épisode 13,13,Le donjon de Naheulbeuk - S01,6:24,2002,,,
Le donjon de Naheulbeuk - S01 E14,Épisode 14,14,Le donjon de Naheulbeuk - S01,7:07,2003,,,
Le donjon de Naheulbeuk - S01 E15,Épisode 15,15,Le donjon de Naheulbeuk - S01,8:38,2003,,,
Le donjon de Naheulbeuk - S02 E01,Épisode 16,1,Le donjon de Naheulbeuk - S02,8:38,2003,,,
Le donjon de Naheulbeuk - S02 E02,Épisode 17,2,Le donjon de Naheulbeuk - S02,7:47,2004,,,
Le donjon de Naheulbeuk - S02 E03,Épisode 18,3,Le donjon de Naheulbeuk - S02,10:05,,,,
Le donjon de Naheulbeuk - S02 E04,Épisode 19,4,Le donjon de Naheulbeuk - S02,9:42,,,,
Le donjon de Naheulbeuk - S02 E05,Épisode 20,5,Le donjon de Naheulbeuk - S02,8:59,,,,
Le donjon de Naheulbeuk - S02 E06,Épisode 21 : Partie 1,6,Le donjon de Naheulbeuk - S02,6:02,,,,
Le donjon de Naheulbeuk - S02 E07,Épisode 22 : Partie 2,7,Le donjon de Naheulbeuk - S02,6:10,,,,
Le donjon de Naheulbeuk - S02 E08,Épisode 22,8,Le donjon de Naheulbeuk - S02,9:30,,,,
Le donjon de Naheulbeuk - S02 E09,Épisode 23,9,Le donjon de Naheulbeuk - S02,9:04,,,,
Le donjon de Naheulbeuk - S02 E10,Épisode 24,10,Le donjon de Naheulbeuk - S02,10:39,,,,
Le donjon de Naheulbeuk - S02 E11,Épisode 25,11,Le donjon de Naheulbeuk - S02,9:51,,,,
Le donjon de Naheulbeuk - S02 E12,Épisode 26 : Partie 1,12,Le donjon de Naheulbeuk - S02,5:34,,,,
Le donjon de Naheulbeuk - S02 E13,Épisode 26 : Partie 2,13,Le donjon de Naheulbeuk - S02,7:10,,,,
Le donjon de Naheulbeuk - S02 E14,Épisode 27 : Partie 1,14,Le donjon de Naheulbeuk - S02,7:09,,,,
Le donjon de Naheulbeuk - S02 E15,Épisode 27 : Partie 2,15,Le donjon de Naheulbeuk - S02,4:42,,,,
Le donjon de Naheulbeuk - S02 E16,Épisode 28,16,Le donjon de Naheulbeuk - S02,11:03,,,,
Le donjon de Naheulbeuk - S02 E17,Épisode 29,17,Le donjon de Naheulbeuk - S02,7:11,,,,
Le donjon de Naheulbeuk - S02 E18,Épisode 30 : Partie 1,18,Le donjon de Naheulbeuk - S02,9:37,,,,
Le donjon de Naheulbeuk - S02 E19,Épisode 30 : Partie 2,19,Le donjon de Naheulbeuk - S02,11:01,,,,
Le donjon de Naheulbeuk - S03 E01,Le nom de la Compagnie,1,Le donjon de Naheulbeuk - S03,4:56,2008,,,
Le donjon de Naheulbeuk - S03 E02,Gouzi-Gouzi Monsieur Vache,2,Le donjon de Naheulbeuk - S03,7:41,2009,,,
Le donjon de Naheulbeuk - S03 E03,La hache Durandil,3,Le donjon de Naheulbeuk - S03,10:05,2009,,,
Le donjon de Naheulbeuk - S03 E04,Le quasi-sauvetage,4,Le donjon de Naheulbeuk - S03,5:09,2010,,,
Le donjon de Naheulbeuk - S03 E05,La Stratélique,5,Le donjon de Naheulbeuk - S03,6:02,2012,,,
Le donjon de Naheulbeuk - S03 E06,L'épopée de Goltor,6,Le donjon de Naheulbeuk - S03,6:03,2012,,,
Le donjon de Naheulbeuk - S03 E07,Glargh,7,Le donjon de Naheulbeuk - S03,14:49,2012,,,
Le donjon de Naheulbeuk - S03 E08,"Glargh 2, le quartier des quêtes",8,Le donjon de Naheulbeuk - S03,9:13,2012,,,
Le donjon de Naheulbeuk - S03 E09,La drague du Ranger,9,Le donjon de Naheulbeuk - S03,5:15,2013,,,
Le donjon de Naheulbeuk - S03 E10,La microéconomie du Shampooing,10,Le donjon de Naheulbeuk - S03,4:23,2013,,,
Le donjon de Naheulbeuk - S03 E11,Les gens des sectes,11,Le donjon de Naheulbeuk - S03,6:42,2013,,,
Le donjon de Naheulbeuk - S03 E12,L'heure joyeuse,12,Le donjon de Naheulbeuk - S03,9:02,2013,,,
Le donjon de Naheulbeuk - S03 E13,Les Blagues,13,Le donjon de Naheulbeuk - S03,8:33,2017,,,
Le donjon de Naheulbeuk - S03 E14,J'apprends la magie,14,Le donjon de Naheulbeuk - S03,12:15,2020,,,
Les Aventuriers  - S01 E01,À la Recherche de la Pyramide Perdue,1,Les Aventuriers  - S01,4:56,2016,,,
Les Aventuriers  - S01 E02,Bandelettes et Crustacés,2,Les Aventuriers  - S01,6:00,2016,,,
Les Aventuriers  - S01 E03,On l'appelle Fate,3,Les Aventuriers  - S01,4:33,2016,,,
Les Aventuriers  - S01 E04,Escale à Paris,4,Les Aventuriers  - S01,6:10,2016,,,
Les Aventuriers  - S01 E05,Maharadjah,5,Les Aventuriers  - S01,5:40,2016,,,
Les Aventuriers  - S01 E06,La Malédiction du Tigre,6,Les Aventuriers  - S01,5:35,2016,,,
Les Aventuriers  - S01 E07,Sacré Tigre,7,Les Aventuriers  - S01,7:37,2016,,,
Les Aventuriers  - S01 E08,Suivez la Ligne et passez par Tokyo,8,Les Aventuriers  - S01,7:44,2016,,,
Les Aventuriers  - S01 E09,Suivez la Ligne et passez par Sydney,9,Les Aventuriers  - S01,8:39,2016,,,
Les Aventuriers  - S01 E10,Uluru,10,Les Aventuriers  - S01,8:25,2016,,,
Les Aventuriers  - S01 E11,Vers l'Aventure et au delà,11,Les Aventuriers  - S01,10:32,2016,,,
Les Aventuriers du NHL2987 Survivaure - S01 E01,Affectation au Survivaure,1,Les Aventuriers du NHL2987 Survivaure - S01,3:55,2002,,,
Les Aventuriers du NHL2987 Survivaure - S01 E02,L'équipage,2,Les Aventuriers du NHL2987 Survivaure - S01,5:25,2002,,,
Les Aventuriers du NHL2987 Survivaure - S01 E03,Le aisseau,3,Les Aventuriers du NHL2987 Survivaure - S01,8:20,2002,,,
Les Aventuriers du NHL2987 Survivaure - S01 E04,Le décollage,4,Les Aventuriers du NHL2987 Survivaure - S01,8:21,2003,,,
Les Aventuriers du NHL2987 Survivaure - S01 E05,La torpille,5,Les Aventuriers du NHL2987 Survivaure - S01,6:29,2003,,,
Les Aventuriers du NHL2987 Survivaure - S01 E06,L'arme secrète,6,Les Aventuriers du NHL2987 Survivaure - S01,7:14,2003,,,
Les Aventuriers du NHL2987 Survivaure - S01 E07,Le télex,7,Les Aventuriers du NHL2987 Survivaure - S01,7:58,2004,,,
Les Aventuriers du NHL2987 Survivaure - S01 E08,Le téléporteur,8,Les Aventuriers du NHL2987 Survivaure - S01,8:10,2005,,,
Les Aventuriers du NHL2987 Survivaure - S01 E09,Dinaro,9,Les Aventuriers du NHL2987 Survivaure - S01,9:46,2005,,,
Les Aventuriers du NHL2987 Survivaure - S01 E10,L'invasion de Dinaro,10,Les Aventuriers du NHL2987 Survivaure - S01,11:39,2006,,,
Les Aventuriers du NHL2987 Survivaure - S01 E11,Torture à bord,11,Les Aventuriers du NHL2987 Survivaure - S01,12:25,2006,,,
Les Aventuriers du NHL2987 Survivaure - S01 E12,Rasmusen,12,Les Aventuriers du NHL2987 Survivaure - S01,16:28,2006,,,
Les Aventuriers du NHL2987 Survivaure - S01 E13,L'évasion,13,Les Aventuriers du NHL2987 Survivaure - S01,13:58,2007,,,
Les Aventuriers du NHL2987 Survivaure - S01 E14,Révélation,14,Les Aventuriers du NHL2987 Survivaure - S01,10:58,2007,,,
Les Aventuriers du NHL2987 Survivaure - S01 E15,Un visiteur,15,Les Aventuriers du NHL2987 Survivaure - S01,16:10,2008,,,
Les Aventuriers du NHL2987 Survivaure - S01 E16,Les Peutêtriens,16,Les Aventuriers du NHL2987 Survivaure - S01,18:31,2008,,,
Les Aventuriers du NHL2987 Survivaure - S01 E17,Mission infiltration,17,Les Aventuriers du NHL2987 Survivaure - S01,18:20,2010,,,
Les Aventuriers du NHL2987 Survivaure - S01 E18,Épilogue,18,Les Aventuriers du NHL2987 Survivaure - S01,23:14,2014,,,
Les Chroniques Galactiques - S01 E01,Un plan sans accroc,1,Les Chroniques Galactiques - S01,13:54,2019,,,
Les Chroniques Galactiques - S01 E02,Une torpille à cinq mille,2,Les Chroniques Galactiques - S01,10:11,2019,,,
Les Chroniques Galactiques - S01 E03,Délit de fuite,3,Les Chroniques Galactiques - S01,12:39,2019,,,
Les Chroniques Galactiques - S01 E04,En souvenir du bon vieux temps,4,Les Chroniques Galactiques - S01,9:46,2019,,,
Les Chroniques Galactiques - S01 E05,Une dernière danse,5,Les Chroniques Galactiques - S01,9:14,2019,,,
Les Chroniques Galactiques - S01 E06,La pire livraison,6,Les Chroniques Galactiques - S01,11:22,2019,,,
Les Chroniques Galactiques - S01 E07,Des criminels de haut vol,7,Les Chroniques Galactiques - S01,12:38,2019,,,
Les Chroniques Galactiques - S02 E01,Opération de sauvetage,1,Les Chroniques Galactiques - S02,17:23,2020,,,
Les Chroniques Galactiques - S02 E02,Échange de bons procédés,2,Les Chroniques Galactiques - S02,14:43,2020,,,
Les Chroniques Galactiques - S02 E03,Pour la bonne cause,3,Les Chroniques Galactiques - S02,11:53,2020,,,
Les Chroniques Galactiques - S02 E04,Malédiction,4,Les Chroniques Galactiques - S02,9:35,2020,,,
Les Chroniques Galactiques - S02 E05,Cible Prioritaire,5,Les Chroniques Galactiques - S02,14:21,2020,,,
Les Chroniques Galactiques - S02 E06,Une action profitable,6,Les Chroniques Galactiques - S02,11:29,2020,,,
Les Chroniques Galactiques - S02 E07,Salopards de rebelles,7,Les Chroniques Galactiques - S02,15:43,2020,,,
Les magiciens de Néosia - S01 E01,"Une équipe, un voyage",1,Les magiciens de Néosia - S01,8:50,2014,,,
Les magiciens de Néosia - S01 E02,Révélations,2,Les magiciens de Néosia - S01,9:43,2011,,,
Les magiciens de Néosia - S01 E03,Créatures du Chaos,3,Les magiciens de Néosia - S01,10:02,2012,,,
Les magiciens de Néosia - S01 E04,Intra-corpus,4,Les magiciens de Néosia - S01,11:53,2012,,,
Les magiciens de Néosia - S01 E05,Ange et Démon,5,Les magiciens de Néosia - S01,13:23,2012,,,
Les magiciens de Néosia - S01 E06,Funalia,6,Les magiciens de Néosia - S01,14:33,2013,,,
Les magiciens de Néosia - S01 E07,La malédiction de Néosia,7,Les magiciens de Néosia - S01,11:53,2012,,,
Les magiciens de Néosia - S01 E08,Guerre et Duel,8,Les magiciens de Néosia - S01,13:16,2013,,,
Les magiciens de Néosia - S01 E09,Bénie ou maudite,9,Les magiciens de Néosia - S01,18:48,2013,,,
Les magiciens de Néosia - S02 E01,Femme légendaire et Cité de Pierres,1,Les magiciens de Néosia - S02,13:14,2014,,,
Les magiciens de Néosia - S02 E02,Sans rançon,2,Les magiciens de Néosia - S02,9:53,2014,,,
Les magiciens de Néosia - S02 E03,Terre des déments,3,Les magiciens de Néosia - S02,11:44,2015,,,
Les magiciens de Néosia - S02 E04,L'Ordre des Magistaires,4,Les magiciens de Néosia - S02,10:45,2015,,,
Les magiciens de Néosia - S02 E05,Trinité,5,Les magiciens de Néosia - S02,14:31,2015,,,
Les magiciens de Néosia - S02 E06,Reak Keende,6,Les magiciens de Néosia - S02,15:41,2015,,,
Les magiciens de Néosia - S02 E07,Vengeance éternelle,7,Les magiciens de Néosia - S02,12:00,2015,,,
Les magiciens de Néosia - S02 E08,Le joug de la Folie,8,Les magiciens de Néosia - S02,20:06,2015,,,
Les magiciens de Néosia - S02 E09,Les réticences du Souvenir,9,Les magiciens de Néosia - S02,22:09,2015,,,
Les magiciens de Néosia - S02 E10,La haine pour seule prière,10,Les magiciens de Néosia - S02,30:57,2016,,,
Les magiciens de Néosia - S02 E11,Les caprices du Destin,11,Les magiciens de Néosia - S02,15:53,2016,,,
Les magiciens de Néosia - S02 E12,Fais ton choix,12,Les magiciens de Néosia - S02,20:25,2016,,,
Les magiciens de Néosia - S02 E13,Pour un autre destin,13,Les magiciens de Néosia - S02,3:46,2016,,,
Les magiciens de Néosia - S02 E14,Espoir fou,14,Les magiciens de Néosia - S02,2:09,2016,,,
Les magiciens de Néosia - S02 E15,Pardon,15,Les magiciens de Néosia - S02,2:23,2016,,,
Les magiciens de Néosia - S02 E16,Laisse couler le temps,16,Les magiciens de Néosia - S02,22:25,2016,,,
Les Pourfendeurs - S01 E01,D'écailles et de feu,1,Les Pourfendeurs - S01,14:42,2017,,,
Les Pourfendeurs - S01 E02,Sans queue ni tête,2,Les Pourfendeurs - S01,16:32,2017,,,
Les Pourfendeurs - S01 E03,"Tout yeux, tout oreilles, à l'antenne",3,Les Pourfendeurs - S01,19:40,2017,,,
Les Pourfendeurs - S01 E04,"Le bon, la brute et le truand",4,Les Pourfendeurs - S01,27:25,2017,,,
Les Pourfendeurs - S01 E05,"2 bras, 2 jambes et 2 cerveaux",5,Les Pourfendeurs - S01,24:03,2017,,,
Les Pourfendeurs - S01 E06,"42, 29 & 23",6,Les Pourfendeurs - S01,21:29,2017,,,
Mes Rêves Me Parlent - S01 E01,Ouverture,1,Mes Rêves Me Parlent - S01,12:21,2020,,,https://www.youtube.com/watch?v=zbDQnjf9B0E
Mes Rêves Me Parlent - S01 E02,Gambit,2,Mes Rêves Me Parlent - S01,7:24,2020,,,https://www.youtube.com/watch?v=EPi_1Ozl1Jw
Mes Rêves Me Parlent - S01 E03,Finale,3,Mes Rêves Me Parlent - S01,12:01,2020,,,https://www.youtube.com/watch?v=0ZNtYMB7_ok
Mise à Jour - S01 E01,Épisode 1,1,Mise à Jour - S01,8:16,2017,,,
Mise à Jour - S01 E02,Épisode 2,2,Mise à Jour - S01,7:58,2017,,,
Mise à Jour - S01 E03,Épisode 3,3,Mise à Jour - S01,7:56,2017,,,
Mise à Jour - S01 E04,Épisode 4,4,Mise à Jour - S01,10:35,2017,,,
Network Evil 6 - S01 E01,,1,Network Evil 6 - S01,,,,,
Network Evil 6 - S01 E02,,2,Network Evil 6 - S01,,,,,
Network Evil 6 - S01 E03,,3,Network Evil 6 - S01,,,,,
Network Evil 6 - S01 E04,,4,Network Evil 6 - S01,,,,,
Network Evil 6 - S01 E05,,5,Network Evil 6 - S01,,,,,
Potion fantasque - S01 E01,Épisode 01,1,Potion fantasque - S01,5:00,,,,
Potion fantasque - S01 E02,Épisode 02,2,Potion fantasque - S01,8:11,,,,
Potion fantasque - S01 E03,Épisode 03,3,Potion fantasque - S01,10:41,,,,
Potion fantasque - S01 E04,Épisode 04,4,Potion fantasque - S01,16:37,,,,
Reflets d'Acide - S01 E01,L'enrôlement,1,Reflets d'Acide - S01,13:43,2004,,,
Reflets d'Acide - S01 E02,La Forêt des éventrés,2,Reflets d'Acide - S01,12:50,2003,,,
Reflets d'Acide - S01 E03,Le fleuve des glaires tièdes,3,Reflets d'Acide - S01,17:00,2005,,,
Reflets d'Acide - S01 E04,La Grotte de l’Herpès écorché,4,Reflets d'Acide - S01,10:16,2003,,,
Reflets d'Acide - S01 E05,Le Bivouac…tion !,5,Reflets d'Acide - S01,13:03,2003,,,
Reflets d'Acide - S01 E06,La Colline des Mille Gangrènes,6,Reflets d'Acide - S01,12:37,2003,,,
Reflets d'Acide - S01 E07,Le Mont Mucus,7,Reflets d'Acide - S01,13:26,2004,,,
Reflets d'Acide - S01 E08,Au fond du trou...,8,Reflets d'Acide - S01,16:43,2004,,,
Reflets d'Acide - S01 E09,Énigme dans l'abîme !,9,Reflets d'Acide - S01,21:30,2005,,,
Reflets d'Acide - S01 E10,La croisée des chemins,10,Reflets d'Acide - S01,26:33,2005,,,
Reflets d'Acide - S01 E11,L’elfe et la prison brisée,11,Reflets d'Acide - S01,35:23,2006,,,
Reflets d'Acide - S01 E12,L’infâme alliance des fléaux,12,Reflets d'Acide - S01,42:54,2007,,,
Reflets d'Acide - S01 E13,"Dies irae, dies illa solvet saeclum in favilla",13,Reflets d'Acide - S01,54:08,2008,,,
Reflets d'Acide - S01 E14,Un peuple qui oublie son passé se condamne à le revivre,14,Reflets d'Acide - S01,1:01:44,2009,,,
Reflets d'Acide - S01 E15,"Bien plus que des racines, mieux vaut avoir des ailes... afin de s'élever...",15,Reflets d'Acide - S01,1:29:01,2012,,,
Reflets d'Acide - S01 E16,"Au delà de la Mort, de l’Enfer et du Temps, Il n’est de pire sort que celui du Néant.",16,Reflets d'Acide - S01,1:52:53,2017,,,
Schizein - S01 E01,Prologue,1,Schizein - S01,3:04,2014,,,
Schizein - S01 E02,Carl,2,Schizein - S01,7:46,2014,,,
Schizein - S01 E03,Henry,3,Schizein - S01,8:06,2014,,,
Schizein - S01 E04,Jack,4,Schizein - S01,12:35,2014,,,
Schizein - S01 E05,Doodle,5,Schizein - S01,10:42,2014,,,
Schizein - S01 E06,Simon,6,Schizein - S01,19:17,2014,,,